Handle,Title,Body (HTML),Vendor,Product Category,Type,Tags,Published,Option1 Name,Option1 Value,Variant SKU,Variant Grams,Variant Inventory Tracker,Variant Inventory Qty,Variant Inventory Policy,Variant Fulfillment Service,Variant Price,Variant Compare At Price,Variant Requires Shipping,Variant Taxable,Image Src,Image Position,Status
iphone-18-pro-max-next-gen,IPHONE 18 PRO MAX 256GB NEXT-GEN 2026,<p>IPHONE 18 PRO MAX 256GB NEXT-GEN 2026 con garantía oficial Tecno+.</p>,Tecno+,Celulares,Celulares,"Celulares, tecno-plus",TRUE,Title,Default Title,IP18PM-256,250,shopify,5,deny,manual,5490000,6313500,TRUE,FALSE,https://images.unsplash.com/photo-1695048133142-1a20484d2569?auto=format&fit=crop&w=800&q=80,1,active
iphone-17-pro-max-256gb,IPHONE 17 PRO MAX 256GB TITANIO,<p>IPHONE 17 PRO MAX 256GB TITANIO con garantía oficial Tecno+.</p>,Tecno+,Celulares,Celulares,"Celulares, tecno-plus",TRUE,Title,Default Title,IP17PM-256,250,shopify,8,deny,manual,4990000,5738500,TRUE,FALSE,https://images.unsplash.com/photo-1695048133142-1a20484d2569?auto=format&fit=crop&w=800&q=80,1,active
iphone-16-pro-max-256gb,IPHONE 16 PRO MAX 256GB TITANIO DESIERTO,<p>IPHONE 16 PRO MAX 256GB TITANIO DESIERTO con garantía oficial Tecno+.</p>,Tecno+,Celulares,Celulares,"Celulares, tecno-plus",TRUE,Title,Default Title,IP16PM-256,250,shopify,6,deny,manual,4450000,5117500,TRUE,FALSE,https://images.unsplash.com/photo-1510557880182-3d4d3cba35a5?auto=format&fit=crop&w=800&q=80,1,active
redmi-note-15-pro-256gb,REDMI NOTE 15 PRO 256GB 12GB RAM 200MP,<p>REDMI NOTE 15 PRO 256GB 12GB RAM 200MP con garantía oficial Tecno+.</p>,Tecno+,Celulares,Celulares,"Celulares, tecno-plus",TRUE,Title,Default Title,RN15PRO-256,250,shopify,10,deny,manual,1250000,1437500,TRUE,FALSE,https://images.unsplash.com/photo-1598327105666-5b89351aff97?auto=format&fit=crop&w=800&q=80,1,active
lenovo-ideapad-slim-3-15irh10,PORTÁTIL LENOVO IDEAPAD SLIM 3 15IRH10 TÁCTIL CORE I5 16GB 512GB,<p>PORTÁTIL LENOVO IDEAPAD SLIM 3 15IRH10 TÁCTIL CORE I5 16GB 512GB con garantía oficial Tecno+.</p>,Tecno+,Cómputo y Accesorios,Cómputo y Accesorios,"Cómputo y Accesorios, tecno-plus",TRUE,Title,Default Title,83K100WKLM,250,shopify,4,deny,manual,2490000,2863500,TRUE,FALSE,https://images.unsplash.com/photo-1496181133206-80ce9b88a853?auto=format&fit=crop&w=800&q=80,1,active
samsung-galaxy-tab-s9-ultra,"SAMSUNG GALAXY TAB S9 ULTRA 14.6"" 256GB S-PEN","<p>SAMSUNG GALAXY TAB S9 ULTRA 14.6"" 256GB S-PEN con garantía oficial Tecno+.</p>",Tecno+,Cómputo y Accesorios,Cómputo y Accesorios,"Cómputo y Accesorios, tecno-plus",TRUE,Title,Default Title,GTABS9-256,250,shopify,3,deny,manual,2850000,3277500,TRUE,FALSE,https://images.unsplash.com/photo-1544244015-0df4b3ffc6b0?auto=format&fit=crop&w=800&q=80,1,active
apple-watch-ultra-2-titanium,APPLE WATCH ULTRA 2 TITANIUM 49MM,<p>APPLE WATCH ULTRA 2 TITANIUM 49MM con garantía oficial Tecno+.</p>,Tecno+,Smartwatch y Relojes,Smartwatch y Relojes,"Smartwatch y Relojes, tecno-plus",TRUE,Title,Default Title,AWU2-49TI,250,shopify,6,deny,manual,890000,1023500,TRUE,FALSE,https://images.unsplash.com/photo-1523275335684-37898b6baf30?auto=format&fit=crop&w=800&q=80,1,active
redmi-watch-5-active,SMARTWATCH REDMI WATCH 5 ACTIVE,<p>SMARTWATCH REDMI WATCH 5 ACTIVE con garantía oficial Tecno+.</p>,Tecno+,Smartwatch y Relojes,Smartwatch y Relojes,"Smartwatch y Relojes, tecno-plus",TRUE,Title,Default Title,RW5-ACTIVE,250,shopify,12,deny,manual,189900,218385,TRUE,FALSE,https://images.unsplash.com/photo-1508685096489-7aacd43bd3b1?auto=format&fit=crop&w=800&q=80,1,active
galaxy-buds-pro-inalambricos,AUDÍFONOS GALAXY BUDS PRO INALÁMBRICOS,<p>AUDÍFONOS GALAXY BUDS PRO INALÁMBRICOS con garantía oficial Tecno+.</p>,Tecno+,Audífonos y Diademas,Audífonos y Diademas,"Audífonos y Diademas, tecno-plus",TRUE,Title,Default Title,GBUDS3P,250,shopify,15,deny,manual,420000,483000,TRUE,FALSE,https://images.unsplash.com/photo-1590658268037-6bf12165a8df?auto=format&fit=crop&w=800&q=80,1,active
airpods-max-1-1,DIADEMA AIRPODS MAX 1:1 CANCELACIÓN DE RUIDO,<p>DIADEMA AIRPODS MAX 1:1 CANCELACIÓN DE RUIDO con garantía oficial Tecno+.</p>,Tecno+,Audífonos y Diademas,Audífonos y Diademas,"Audífonos y Diademas, tecno-plus",TRUE,Title,Default Title,AP-MAX-11,250,shopify,8,deny,manual,85000,97750,TRUE,FALSE,https://images.unsplash.com/photo-1505740420928-5e560c06d30e?auto=format&fit=crop&w=800&q=80,1,active
tvbox-g7-edicion-arana,TVBOX G7 EDICIÓN ARAÑA 4K ULTRA HD,<p>TVBOX G7 EDICIÓN ARAÑA 4K ULTRA HD con garantía oficial Tecno+.</p>,Tecno+,Gaming y TV Box,Gaming y TV Box,"Gaming y TV Box, tecno-plus",TRUE,Title,Default Title,TVB-G7-4K,250,shopify,14,deny,manual,180000,207000,TRUE,FALSE,https://images.unsplash.com/photo-1544652478-6653e09f18a2?auto=format&fit=crop&w=800&q=80,1,active
game-stick-pro-4k-m15,CONSOLA RETRO GAME STICK PRO 4K M15,<p>CONSOLA RETRO GAME STICK PRO 4K M15 con garantía oficial Tecno+.</p>,Tecno+,Gaming y TV Box,Gaming y TV Box,"Gaming y TV Box, tecno-plus",TRUE,Title,Default Title,GS-M15-PRO,250,shopify,9,deny,manual,180000,207000,TRUE,FALSE,https://images.unsplash.com/photo-1550745165-9bc0b252726f?auto=format&fit=crop&w=800&q=80,1,active
cable-usbc-lightning-100w,CABLE USB-C A LIGHTNING CARGA RÁPIDA 100W,<p>CABLE USB-C A LIGHTNING CARGA RÁPIDA 100W con garantía oficial Tecno+.</p>,Tecno+,Cables y Conectividad,Cables y Conectividad,"Cables y Conectividad, tecno-plus",TRUE,Title,Default Title,CB-USBC-100W,250,shopify,25,deny,manual,75000,86250,TRUE,FALSE,https://images.unsplash.com/photo-1546054454-aa26e2b734c7?auto=format&fit=crop&w=800&q=80,1,active
combo-apple-lovers,COMBO APPLE LOVERS (IPHONE 17 PRO MAX + APPLE WATCH ULTRA 2 + AIRPODS),<p>COMBO APPLE LOVERS (IPHONE 17 PRO MAX + APPLE WATCH ULTRA 2 + AIRPODS) con garantía oficial Tecno+.</p>,Tecno+,Combos,Combos,"Combos, tecno-plus",TRUE,Title,Default Title,CMB-APPLE-01,250,shopify,5,deny,manual,6099000,7013850,TRUE,FALSE,https://images.unsplash.com/photo-1695048133142-1a20484d2569?auto=format&fit=crop&w=800&q=80,1,active
combo-tech-xiaomi,COMBO TECH XIAOMI (REDMI NOTE 15 PRO + REDMI WATCH 5),<p>COMBO TECH XIAOMI (REDMI NOTE 15 PRO + REDMI WATCH 5) con garantía oficial Tecno+.</p>,Tecno+,Combos,Combos,"Combos, tecno-plus",TRUE,Title,Default Title,CMB-XIAOMI-01,250,shopify,6,deny,manual,749000,861350,TRUE,FALSE,https://images.unsplash.com/photo-1598327105666-5b89351aff97?auto=format&fit=crop&w=800&q=80,1,active
combo-vibra-xiaomi,COMBO VIBRA XIAOMI (REDMI NOTE + AUDÍFONOS + PARLANTE),<p>COMBO VIBRA XIAOMI (REDMI NOTE + AUDÍFONOS + PARLANTE) con garantía oficial Tecno+.</p>,Tecno+,Combos,Combos,"Combos, tecno-plus",TRUE,Title,Default Title,CMB-VIBRA-01,250,shopify,7,deny,manual,449000,516350,TRUE,FALSE,https://images.unsplash.com/photo-1519389950473-47ba0277781c?auto=format&fit=crop&w=800&q=80,1,active
parlantes-premium-recargables-retroiluminados-30w-pt-0p103,PARLANTES PREMIUM RECARGABLES RETROILUMINADOS 30W,<p>PARLANTES PREMIUM RECARGABLES RETROILUMINADOS 30W con garantía oficial Tecno+.</p>,Tecno+,Sonido y Audio,Sonido y Audio,"Sonido y Audio, tecno-plus",TRUE,Title,Default Title,PT-0P103,250,shopify,3,deny,manual,260000,299000,TRUE,FALSE,https://goatmayoristas.com/wp-content/uploads/2025/12/WhatsApp-Image-2025-12-01-at-07.31.44.jpeg,1,active
cabina-de-sonido-soundplus-s8-play-corn-s8,CABINA DE SONIDO SOUNDPLUS S8 PLAY CORN,<p>CABINA DE SONIDO SOUNDPLUS S8 PLAY CORN con garantía oficial Tecno+.</p>,Tecno+,Sonido y Audio,Sonido y Audio,"Sonido y Audio, tecno-plus",TRUE,Title,Default Title,S8,250,shopify,2,deny,manual,290000,333500,TRUE,FALSE,https://http2.mlstatic.com/D_NQ_NP_783098-MCO93877141236_102025-O.webp,1,active
barra-de-sonido-y-subwoofer-j-r-j5242,BARRA DE SONIDO Y SUBWOOFER J&R,<p>BARRA DE SONIDO Y SUBWOOFER J&R con garantía oficial Tecno+.</p>,Tecno+,Sonido y Audio,Sonido y Audio,"Sonido y Audio, tecno-plus",TRUE,Title,Default Title,J5242,250,shopify,1,deny,manual,625000,718750,TRUE,FALSE,https://www.megaaudiostore.com/wp-content/uploads/2022/08/JYR-J5242-1.webp,1,active
todo-en-uno-celeron-15-6-6-gen-40192,"TODO EN UNO CELERON 15.6"" 6 GEN","<p>TODO EN UNO CELERON 15.6"" 6 GEN con garantía oficial Tecno+.</p>",Tecno+,Cómputo y Accesorios,Cómputo y Accesorios,"Cómputo y Accesorios, tecno-plus",TRUE,Title,Default Title,40192,250,shopify,1,deny,manual,1500000,1725000,TRUE,FALSE,https://jaltechsas.com/wp-content/uploads/2024/06/TODO-EN-UNO-CELERON-15.6-6-GEN_40192_JALCEL-6GEN_10.png,1,active
cabina-activa-recargable-12-j5131,"CABINA ACTIVA RECARGABLE 12""","<p>CABINA ACTIVA RECARGABLE 12"" con garantía oficial Tecno+.</p>",Tecno+,Sonido y Audio,Sonido y Audio,"Sonido y Audio, tecno-plus",TRUE,Title,Default Title,J5131,250,shopify,2,deny,manual,800000,920000,TRUE,FALSE,https://www.lanotamusical.com/wp-content/uploads/2023/08/J5161-1-1.jpg,1,active
diadema-bluetooth-j-r-077-mv,DIADEMA BLUETOOTH J&R,<p>DIADEMA BLUETOOTH J&R con garantía oficial Tecno+.</p>,Tecno+,Audífonos y Diademas,Audífonos y Diademas,"Audífonos y Diademas, tecno-plus",TRUE,Title,Default Title,077-MV,250,shopify,2,deny,manual,250000,287500,TRUE,FALSE,https://samcell.com.co/wp-content/uploads/2024/02/077-MV-4-scaled-1.jpg,1,active
diadema-j-r-bluetooth-de-larga-duracion-055-mv,DIADEMA J&R BLUETOOTH DE LARGA DURACION,<p>DIADEMA J&R BLUETOOTH DE LARGA DURACION con garantía oficial Tecno+.</p>,Tecno+,Audífonos y Diademas,Audífonos y Diademas,"Audífonos y Diademas, tecno-plus",TRUE,Title,Default Title,055-MV,250,shopify,1,deny,manual,90000,103500,TRUE,FALSE,https://exitocol.vtexassets.com/arquivos/ids/10989550/audifonos-diadema-bluetooth-duracion-12-horas-fmmicrosd-jyr-055-mv.jpg?v=637732241517500000,1,active
audifonos-bluetooth-pink-y08-3053432,AUDIFONOS BLUETOOTH PINK Y08,<p>AUDIFONOS BLUETOOTH PINK Y08 con garantía oficial Tecno+.</p>,Tecno+,Audífonos y Diademas,Audífonos y Diademas,"Audífonos y Diademas, tecno-plus",TRUE,Title,Default Title,3053432,250,shopify,1,deny,manual,35000,40250,TRUE,FALSE,https://jaltechsas.com/wp-content/uploads/2023/07/AUDIFONOS-BLUETOOTH-PINK-Y08_30534_Y08_1-600x600.png,1,active
diadema-j-r-stereo-sin-microfono-062-mv,DIADEMA J&R STEREO SIN MICROFONO,<p>DIADEMA J&R STEREO SIN MICROFONO con garantía oficial Tecno+.</p>,Tecno+,Audífonos y Diademas,Audífonos y Diademas,"Audífonos y Diademas, tecno-plus",TRUE,Title,Default Title,062-MV,250,shopify,1,deny,manual,32000,36800,TRUE,FALSE,https://acdn-us.mitiendanube.com/stores/004/919/177/products/062-mv-1-28a39eacfe8bacc32a17413880909317-480-0.webp,1,active
diadema-j-r-con-microfono-063-mv,DIADEMA J&R CON MICROFONO,<p>DIADEMA J&R CON MICROFONO con garantía oficial Tecno+.</p>,Tecno+,Audífonos y Diademas,Audífonos y Diademas,"Audífonos y Diademas, tecno-plus",TRUE,Title,Default Title,063-MV,250,shopify,1,deny,manual,54000,62100,TRUE,FALSE,https://tienda.pctintas.com/wp-content/uploads/Diadema-1-Plug-con-Microfono-JR.webp,1,active
diadema-koniycoi-kt-2100mv,DIADEMA KONIYCOI,<p>DIADEMA KONIYCOI con garantía oficial Tecno+.</p>,Tecno+,Audífonos y Diademas,Audífonos y Diademas,"Audífonos y Diademas, tecno-plus",TRUE,Title,Default Title,KT-2100MV,250,shopify,1,deny,manual,25000,28750,TRUE,FALSE,https://img.drz.lazcdn.com/static/bd/p/d1eab1048e25c8c483e188d8c1310a54.jpg_720x720q80.jpg,1,active
diadema-plug-3-5mm-jal-mic-k4-11726,DIADEMA PLUG 3.5MM JAL + MIC K4,<p>DIADEMA PLUG 3.5MM JAL + MIC K4 con garantía oficial Tecno+.</p>,Tecno+,Audífonos y Diademas,Audífonos y Diademas,"Audífonos y Diademas, tecno-plus",TRUE,Title,Default Title,11726,250,shopify,4,deny,manual,60000,69000,TRUE,FALSE,https://cambiosystem.com/wp-content/uploads/2025/06/Diadema-Plug-3.5mm-Mic-K4-11726.png,1,active
diadema-usb-wired-style-q5-11438,DIADEMA USB WIRED STYLE Q5,<p>DIADEMA USB WIRED STYLE Q5 con garantía oficial Tecno+.</p>,Tecno+,Audífonos y Diademas,Audífonos y Diademas,"Audífonos y Diademas, tecno-plus",TRUE,Title,Default Title,11438,250,shopify,6,deny,manual,80000,92000,TRUE,FALSE,https://luegopagocdn.azureedge.net/content-process/products-images/prod/2926/ec876bc2-d906-45ae-8090-1cf0dc9ba6dd.webp,1,active
diadema-gamer-usb-10489,DIADEMA GAMER USB,<p>DIADEMA GAMER USB con garantía oficial Tecno+.</p>,Tecno+,Audífonos y Diademas,Audífonos y Diademas,"Audífonos y Diademas, tecno-plus",TRUE,Title,Default Title,10489,250,shopify,5,deny,manual,70000,80500,TRUE,FALSE,https://ctsaul.com/tienda/wp-content/uploads/2025/02/xd-51.jpg,1,active
diadema-backlighthing-ela-8033105,DIADEMA BACKLIGHTHING ELA,<p>DIADEMA BACKLIGHTHING ELA con garantía oficial Tecno+.</p>,Tecno+,Audífonos y Diademas,Audífonos y Diademas,"Audífonos y Diademas, tecno-plus",TRUE,Title,Default Title,8033105,250,shopify,1,deny,manual,80000,92000,TRUE,FALSE,https://http2.mlstatic.com/D_NQ_NP_980011-CBT75366733745_032024-O.webp,1,active
diadema-pc-mic-basic-t87-10780,DIADEMA PC MIC BASIC T87,<p>DIADEMA PC MIC BASIC T87 con garantía oficial Tecno+.</p>,Tecno+,Audífonos y Diademas,Audífonos y Diademas,"Audífonos y Diademas, tecno-plus",TRUE,Title,Default Title,10780,250,shopify,5,deny,manual,18000,20700,TRUE,FALSE,https://cambiosystem.com/wp-content/uploads/2023/11/diadema-pc-mic-basic_10780_t-87_2.png,1,active
j-r-cargador-dell-19-5v-3-34a-jyrde02,J&R CARGADOR DELL 19.5V-3.34A,<p>J&R CARGADOR DELL 19.5V-3.34A con garantía oficial Tecno+.</p>,Tecno+,Cargadores y Energía,Cargadores y Energía,"Cargadores y Energía, tecno-plus",TRUE,Title,Default Title,JYRDE02,250,shopify,4,deny,manual,80000,92000,TRUE,FALSE,https://www.eccom.pe/wp-content/uploads/2025/01/cargador-dell-19-5v-3-34a-65w-4-5mm-x-3-0mm-cargador-dell-19-5v-3-34a-65w-4-5mm-x-3-0mm.jpg,1,active
j-r-cargador-monitor-12v-5a-jyrlg03,J&R CARGADOR MONITOR 12V-5A,<p>J&R CARGADOR MONITOR 12V-5A con garantía oficial Tecno+.</p>,Tecno+,Cargadores y Energía,Cargadores y Energía,"Cargadores y Energía, tecno-plus",TRUE,Title,Default Title,JYRLG03,250,shopify,2,deny,manual,85000,97750,TRUE,FALSE,https://lasmejorescompras.com/wp-content/uploads/2021/09/CARGADOR-JR-MONITOR-LG-12V-5A.jpg,1,active
j-r-cargador-monitor-lg-12v-3a-jyrlg01,J&R CARGADOR MONITOR LG 12V - 3A,<p>J&R CARGADOR MONITOR LG 12V - 3A con garantía oficial Tecno+.</p>,Tecno+,Cargadores y Energía,Cargadores y Energía,"Cargadores y Energía, tecno-plus",TRUE,Title,Default Title,JYRLG01,250,shopify,1,deny,manual,80000,92000,TRUE,FALSE,https://www.resinformatica.com.ar/Temp/App_WebSite/App_PictureFiles/Items/4941_800.jpg,1,active
j-r-cargador-lenovo-20v-3-25a-jyrle08,J&R CARGADOR LENOVO 20V-3.25A,<p>J&R CARGADOR LENOVO 20V-3.25A con garantía oficial Tecno+.</p>,Tecno+,Cargadores y Energía,Cargadores y Energía,"Cargadores y Energía, tecno-plus",TRUE,Title,Default Title,JYRLE08,250,shopify,1,deny,manual,85000,97750,TRUE,FALSE,https://allcomputo.com.co/wp-content/uploads/2024/03/Diseno-sin-titulo-20-1.png,1,active
j-r-cargador-sony-19-5v-2a-jyrso03,J&R CARGADOR SONY 19.5V-2A,<p>J&R CARGADOR SONY 19.5V-2A con garantía oficial Tecno+.</p>,Tecno+,Cargadores y Energía,Cargadores y Energía,"Cargadores y Energía, tecno-plus",TRUE,Title,Default Title,JYRSO03,250,shopify,2,deny,manual,85000,97750,TRUE,FALSE,https://tecnosalsv.com/wp-content/uploads/2018/09/CARGADOR-SONY-19.5V-2A-40W.png,1,active
j-r-cargador-toshiba-19v-3-42a-jyrts02,J&R CARGADOR TOSHIBA 19V-3.42A,<p>J&R CARGADOR TOSHIBA 19V-3.42A con garantía oficial Tecno+.</p>,Tecno+,Cargadores y Energía,Cargadores y Energía,"Cargadores y Energía, tecno-plus",TRUE,Title,Default Title,JYRTS02,250,shopify,2,deny,manual,85000,97750,TRUE,FALSE,https://http2.mlstatic.com/D_NQ_NP_815857-MPE96060155621_102025-O.webp,1,active
j-r-cargador-hp-18-5v-3-5a-jyrhp01,J&R CARGADOR HP 18.5V-3.5A,<p>J&R CARGADOR HP 18.5V-3.5A con garantía oficial Tecno+.</p>,Tecno+,Cargadores y Energía,Cargadores y Energía,"Cargadores y Energía, tecno-plus",TRUE,Title,Default Title,JYRHP01,250,shopify,4,deny,manual,85000,97750,TRUE,FALSE,https://qostechnologies.com.ar/wp-content/uploads/2025/10/Diseno-sin-titulo-32.jpg,1,active
j-r-cargador-asus-19v-3-42a-jyras01,J&R CARGADOR ASUS 19V-3.42A,<p>J&R CARGADOR ASUS 19V-3.42A con garantía oficial Tecno+.</p>,Tecno+,Cargadores y Energía,Cargadores y Energía,"Cargadores y Energía, tecno-plus",TRUE,Title,Default Title,JYRAS01,250,shopify,2,deny,manual,85000,97750,TRUE,FALSE,https://http2.mlstatic.com/D_NQ_NP_609107-MLM74292976187_012024-O.webp,1,active
j-r-cargador-asus-19v-1-75a-jyras07,J&R CARGADOR ASUS 19V-1.75A,<p>J&R CARGADOR ASUS 19V-1.75A con garantía oficial Tecno+.</p>,Tecno+,Cargadores y Energía,Cargadores y Energía,"Cargadores y Energía, tecno-plus",TRUE,Title,Default Title,JYRAS07,250,shopify,1,deny,manual,95000,109250,TRUE,FALSE,https://http2.mlstatic.com/D_NQ_NP_635802-MLA49179394651_022022-O.webp,1,active
j-r-cargador-lenovo-19v-3-42a-jyrle07,J&R CARGADOR LENOVO 19V-3.42A,<p>J&R CARGADOR LENOVO 19V-3.42A con garantía oficial Tecno+.</p>,Tecno+,Cargadores y Energía,Cargadores y Energía,"Cargadores y Energía, tecno-plus",TRUE,Title,Default Title,JYRLE07,250,shopify,2,deny,manual,85000,97750,TRUE,FALSE,https://http2.mlstatic.com/D_NQ_NP_812977-MLA87285457757_072025-O.webp,1,active
j-r-cargador-toshiba-19v-2-37a-jyras10,J&R CARGADOR TOSHIBA 19V-2.37A,<p>J&R CARGADOR TOSHIBA 19V-2.37A con garantía oficial Tecno+.</p>,Tecno+,Cargadores y Energía,Cargadores y Energía,"Cargadores y Energía, tecno-plus",TRUE,Title,Default Title,JYRAS10,250,shopify,1,deny,manual,85000,97750,TRUE,FALSE,https://gigabyte-website-production.s3.amazonaws.com/PRO00203O-1.jpg,1,active
j-r-cargador-lenovo-20v-2a-jyrle11,J&R CARGADOR LENOVO 20V-2A,<p>J&R CARGADOR LENOVO 20V-2A con garantía oficial Tecno+.</p>,Tecno+,Cargadores y Energía,Cargadores y Energía,"Cargadores y Energía, tecno-plus",TRUE,Title,Default Title,JYRLE11,250,shopify,2,deny,manual,85000,97750,TRUE,FALSE,https://http2.mlstatic.com/cargador-original-lenovo-20v-2a-g475-s9-s10-s12-garantizado-D_NQ_NP_907712-MLM31216662159_062019-F.jpg,1,active
j-r-cargador-tipo-c-90w-jyrty90,J&R CARGADOR TIPO C 90W,<p>J&R CARGADOR TIPO C 90W con garantía oficial Tecno+.</p>,Tecno+,Cargadores y Energía,Cargadores y Energía,"Cargadores y Energía, tecno-plus",TRUE,Title,Default Title,JYRTY90,250,shopify,1,deny,manual,90000,103500,TRUE,FALSE,https://http2.mlstatic.com/D_NQ_NP_788640-MLA83535599258_042025-O.webp,1,active
mouse-gamer-serenity-mgjr-051,MOUSE GAMER SERENITY,<p>MOUSE GAMER SERENITY con garantía oficial Tecno+.</p>,Tecno+,Gaming y TV Box,Gaming y TV Box,"Gaming y TV Box, tecno-plus",TRUE,Title,Default Title,MGJR-051,250,shopify,1,deny,manual,90000,103500,TRUE,FALSE,https://micomputador.com.co/wp-content/uploads/2023/07/PhotoRoom-20230718_155321.png,1,active
mouse-gamer-daemon-mgjr-050,MOUSE GAMER DAEMON,<p>MOUSE GAMER DAEMON con garantía oficial Tecno+.</p>,Tecno+,Gaming y TV Box,Gaming y TV Box,"Gaming y TV Box, tecno-plus",TRUE,Title,Default Title,MGJR-050,250,shopify,2,deny,manual,90000,103500,TRUE,FALSE,https://compunadia.com/assets/media/mouses/mouse-gamer-daemon-jyr-050.jpg?u=1721323609,1,active
carg-para-acer-19v-3-42a-65w-80172,CARG PARA ACER 19V - 3.42A 65W,<p>CARG PARA ACER 19V - 3.42A 65W con garantía oficial Tecno+.</p>,Tecno+,Accesorios y Varios,Accesorios y Varios,"Accesorios y Varios, tecno-plus",TRUE,Title,Default Title,80172,250,shopify,4,deny,manual,60000,69000,TRUE,FALSE,https://autoplay.com.pk/wp-content/uploads/2024/03/2-Copy-1.jpg,1,active
basik-tech-cargador-hp-18-5v-3-5a-80176,BASIK TECH CARGADOR HP 18.5V-3.5A,<p>BASIK TECH CARGADOR HP 18.5V-3.5A con garantía oficial Tecno+.</p>,Tecno+,Cargadores y Energía,Cargadores y Energía,"Cargadores y Energía, tecno-plus",TRUE,Title,Default Title,80176,250,shopify,4,deny,manual,70000,80500,TRUE,FALSE,https://http2.mlstatic.com/D_NQ_NP_748083-MPE78455385554_082024-O.webp,1,active
carg-para-asus-19v-1-75a-80184,CARG PARA ASUS 19V -1.75A,<p>CARG PARA ASUS 19V -1.75A con garantía oficial Tecno+.</p>,Tecno+,Accesorios y Varios,Accesorios y Varios,"Accesorios y Varios, tecno-plus",TRUE,Title,Default Title,80184,250,shopify,5,deny,manual,65000,74750,TRUE,FALSE,http://taino.pe/cdn/shop/files/Diseno_sin_titulo_450b6422-6cf1-409f-a72e-cfced1cf3729.png?v=1758319610,1,active
cargador-para-hp-azul-19-5v-3-33a-bskh04-80179,CARGADOR PARA HP AZUL 19.5V 3.33A BSKH04,<p>CARGADOR PARA HP AZUL 19.5V 3.33A BSKH04 con garantía oficial Tecno+.</p>,Tecno+,Cargadores y Energía,Cargadores y Energía,"Cargadores y Energía, tecno-plus",TRUE,Title,Default Title,80179,250,shopify,5,deny,manual,75000,86250,TRUE,FALSE,https://megazone.pk/wp-content/uploads/2022/10/e75b85a0a3fdae4b5b354d26d0494fc0.jpg,1,active
carg-para-portatil-tipo-c-45w-bsktc0-80297,CARG PARA PORTATIL TIPO C 45W BSKTC0,<p>CARG PARA PORTATIL TIPO C 45W BSKTC0 con garantía oficial Tecno+.</p>,Tecno+,Accesorios y Varios,Accesorios y Varios,"Accesorios y Varios, tecno-plus",TRUE,Title,Default Title,80297,250,shopify,3,deny,manual,120000,138000,TRUE,FALSE,https://centersystemcolombia.com/wp-content/uploads/2025/06/CARG.-PARA-PORTATIL-TIPO-C-45W_80297_BSK-TC02_1-500x500.png,1,active
cargador-para-apple-16-5v-3-65a-bskapo1-80301,CARGADOR PARA APPLE 16.5V 3.65A BSKAPO1,<p>CARGADOR PARA APPLE 16.5V 3.65A BSKAPO1 con garantía oficial Tecno+.</p>,Tecno+,Cargadores y Energía,Cargadores y Energía,"Cargadores y Energía, tecno-plus",TRUE,Title,Default Title,80301,250,shopify,2,deny,manual,110000,126500,TRUE,FALSE,https://cahuana.com.pe/wp-content/uploads/2023/09/0315024_Mesa-de-trabajo-1.jpg,1,active
cargador-para-apple-14-5v-3-1a-45w-bsk-ap-80423,CARGADOR PARA APPLE 14.5V/ 3.1A 45W BSK AP,<p>CARGADOR PARA APPLE 14.5V/ 3.1A 45W BSK AP con garantía oficial Tecno+.</p>,Tecno+,Cargadores y Energía,Cargadores y Energía,"Cargadores y Energía, tecno-plus",TRUE,Title,Default Title,80423,250,shopify,3,deny,manual,120000,138000,TRUE,FALSE,https://www.mexicobateria.mx/adaptador/apple/img_big_Zoom/AP-L-45W-1.jpg,1,active
carg-lenovo-20v-3-25a-bsklen01-80180,CARG LENOVO 20V 3.25A BSKLEN01,<p>CARG LENOVO 20V 3.25A BSKLEN01 con garantía oficial Tecno+.</p>,Tecno+,Accesorios y Varios,Accesorios y Varios,"Accesorios y Varios, tecno-plus",TRUE,Title,Default Title,80180,250,shopify,4,deny,manual,70000,80500,TRUE,FALSE,https://tecnovision.cl/254-medium_default/cargador-lenovo-original-20v-225a.jpg,1,active
carg-para-hacer-19v-3-42a-65w-80299,CARG PARA HACER 19V-3.42A 65W,<p>CARG PARA HACER 19V-3.42A 65W con garantía oficial Tecno+.</p>,Tecno+,Accesorios y Varios,Accesorios y Varios,"Accesorios y Varios, tecno-plus",TRUE,Title,Default Title,80299,250,shopify,6,deny,manual,70000,80500,TRUE,FALSE,https://muchorepuesto.com/41602-large_default/cargador-original-chicony-insys-19v-342a-65w-valido-para-19v-21a-y-3a-35135.jpg,1,active
carg-apple-14-85v-3-05a-45w-bsk-80424,CARG APPLE 14.85V 3.05A 45W BSK,<p>CARG APPLE 14.85V 3.05A 45W BSK con garantía oficial Tecno+.</p>,Tecno+,Accesorios y Varios,Accesorios y Varios,"Accesorios y Varios, tecno-plus",TRUE,Title,Default Title,80424,250,shopify,2,deny,manual,100000,115000,TRUE,FALSE,https://latiendatecno.com/wp-content/uploads/2025/12/Podemer-clikear-la-categoria-y-que-salgan-todos-en-general-2.png,1,active
cargador-para-acer-19v-2-37a-45w-80405,CARGADOR PARA ACER 19V 2.37A 45W,<p>CARGADOR PARA ACER 19V 2.37A 45W con garantía oficial Tecno+.</p>,Tecno+,Cargadores y Energía,Cargadores y Energía,"Cargadores y Energía, tecno-plus",TRUE,Title,Default Title,80405,250,shopify,4,deny,manual,70000,80500,TRUE,FALSE,https://http2.mlstatic.com/D_NQ_NP_709941-MLA79654253690_102024-O.webp,1,active
cargador-para-asus-19v-3-42a-bskas12-80262,CARGADOR PARA ASUS 19V 3.42A BSKAS12,<p>CARGADOR PARA ASUS 19V 3.42A BSKAS12 con garantía oficial Tecno+.</p>,Tecno+,Cargadores y Energía,Cargadores y Energía,"Cargadores y Energía, tecno-plus",TRUE,Title,Default Title,80262,250,shopify,1,deny,manual,70000,80500,TRUE,FALSE,https://compucordoba.com.ar/img/Public/1078-producto-cargador-asus-3-4650.jpg,1,active
basik-tech-cargador-lenovo-pc-20v-2-25a-80182,BASIK TECH CARGADOR LENOVO PC 20V-2.25A,<p>BASIK TECH CARGADOR LENOVO PC 20V-2.25A con garantía oficial Tecno+.</p>,Tecno+,Cargadores y Energía,Cargadores y Energía,"Cargadores y Energía, tecno-plus",TRUE,Title,Default Title,80182,250,shopify,7,deny,manual,80000,92000,TRUE,FALSE,https://http2.mlstatic.com/D_NQ_NP_905099-MPE89727588010_082025-O.webp,1,active
carg-para-asus-19v-2-37a-45w-80185,CARG PARA ASUS 19V-2.37A 45W,<p>CARG PARA ASUS 19V-2.37A 45W con garantía oficial Tecno+.</p>,Tecno+,Accesorios y Varios,Accesorios y Varios,"Accesorios y Varios, tecno-plus",TRUE,Title,Default Title,80185,250,shopify,6,deny,manual,70000,80500,TRUE,FALSE,https://www.mychargeur.fr/images/2023-Asus-19V-2.37A-4.0-1.35mm_2.jpg,1,active
cargador-para-acer-19v-2-37a-bsklen04-80173,CARGADOR PARA ACER 19V 2.37A BSKLEN04,<p>CARGADOR PARA ACER 19V 2.37A BSKLEN04 con garantía oficial Tecno+.</p>,Tecno+,Cargadores y Energía,Cargadores y Energía,"Cargadores y Energía, tecno-plus",TRUE,Title,Default Title,80173,250,shopify,7,deny,manual,60000,69000,TRUE,FALSE,https://http2.mlstatic.com/D_NQ_NP_878842-MLC48243682039_112021-F.jpg,1,active
cargador-multifuncional-24v-2-5a-80411,CARGADOR MULTIFUNCIONAL 24V 2.5A,<p>CARGADOR MULTIFUNCIONAL 24V 2.5A con garantía oficial Tecno+.</p>,Tecno+,Cargadores y Energía,Cargadores y Energía,"Cargadores y Energía, tecno-plus",TRUE,Title,Default Title,80411,250,shopify,2,deny,manual,60000,69000,TRUE,FALSE,https://www.omega-store.co/wp-content/uploads/2023/07/24V2.5ADC3PIN-3.png,1,active
cargador-para-dell-pa12-19-5v-3-34a-80186,CARGADOR PARA DELL PA12 19.5V 3.34A,<p>CARGADOR PARA DELL PA12 19.5V 3.34A con garantía oficial Tecno+.</p>,Tecno+,Cargadores y Energía,Cargadores y Energía,"Cargadores y Energía, tecno-plus",TRUE,Title,Default Title,80186,250,shopify,2,deny,manual,60000,69000,TRUE,FALSE,https://http2.mlstatic.com/D_NQ_NP_696046-MLV46102731473_052021-O.webp,1,active
cargador-para-toshiba-19v-3-42a-bskt01-80175,CARGADOR PARA TOSHIBA 19V 3.42A BSKT01,<p>CARGADOR PARA TOSHIBA 19V 3.42A BSKT01 con garantía oficial Tecno+.</p>,Tecno+,Cargadores y Energía,Cargadores y Energía,"Cargadores y Energía, tecno-plus",TRUE,Title,Default Title,80175,250,shopify,1,deny,manual,80000,92000,TRUE,FALSE,https://compuferia.pe/wp-content/uploads/2022/01/Carg-lap-tosh-19v-3.95a-tiendas-tec-1-1.png,1,active
basiktech-cargador-hp-19-5v-4-62a-80298,BASIKTECH CARGADOR HP 19.5V-4.62A,<p>BASIKTECH CARGADOR HP 19.5V-4.62A con garantía oficial Tecno+.</p>,Tecno+,Cargadores y Energía,Cargadores y Energía,"Cargadores y Energía, tecno-plus",TRUE,Title,Default Title,80298,250,shopify,6,deny,manual,70000,80500,TRUE,FALSE,https://importadora-espinoza.s3.amazonaws.com/PRO01287-1.jpg,1,active
jaltech-premium-cargador-hp-18-5v-3-5a-10272,JALTECH PREMIUM CARGADOR HP 18.5V-3.5A,<p>JALTECH PREMIUM CARGADOR HP 18.5V-3.5A con garantía oficial Tecno+.</p>,Tecno+,Cargadores y Energía,Cargadores y Energía,"Cargadores y Energía, tecno-plus",TRUE,Title,Default Title,10272,250,shopify,2,deny,manual,80000,92000,TRUE,FALSE,https://jaltechsas.com/wp-content/uploads/2019/05/Cargador para HP paguja 18.5V-3.5A_10272_H02P_5-600x600.png,1,active
jaltech-premium-cargador-asus-19v-2-37a-10688,JALTECH PREMIUM CARGADOR ASUS 19V-2.37A,<p>JALTECH PREMIUM CARGADOR ASUS 19V-2.37A con garantía oficial Tecno+.</p>,Tecno+,Cargadores y Energía,Cargadores y Energía,"Cargadores y Energía, tecno-plus",TRUE,Title,Default Title,10688,250,shopify,1,deny,manual,85000,97750,TRUE,FALSE,https://ctsaul.com/tienda/wp-content/uploads/2025/03/xd-62-scaled-600x425.jpg,1,active
cargador-lenovo-jaltech-20v-3-25a-10792,CARGADOR LENOVO JALTECH 20V 3.25A,<p>CARGADOR LENOVO JALTECH 20V 3.25A con garantía oficial Tecno+.</p>,Tecno+,Cargadores y Energía,Cargadores y Energía,"Cargadores y Energía, tecno-plus",TRUE,Title,Default Title,10792,250,shopify,1,deny,manual,85000,97750,TRUE,FALSE,https://jaltechsas.com/wp-content/uploads/2019/05/CARGADOR PARA LENOVO 20V-3.42A_10792_LEN-15P_4-600x600.png,1,active
jaltech-premium-cargador-asus-19v-3-42a-102799,JALTECH PREMIUM CARGADOR ASUS 19V-3.42A,<p>JALTECH PREMIUM CARGADOR ASUS 19V-3.42A con garantía oficial Tecno+.</p>,Tecno+,Cargadores y Energía,Cargadores y Energía,"Cargadores y Energía, tecno-plus",TRUE,Title,Default Title,102799,250,shopify,3,deny,manual,85000,97750,TRUE,FALSE,https://http2.mlstatic.com/D_NQ_NP_733665-MLA95959130552_102025-O.webp,1,active
cargador-para-acer-19v-3-42a-65w-10960,CARGADOR PARA ACER 19V 3.42A 65W,<p>CARGADOR PARA ACER 19V 3.42A 65W con garantía oficial Tecno+.</p>,Tecno+,Cargadores y Energía,Cargadores y Energía,"Cargadores y Energía, tecno-plus",TRUE,Title,Default Title,10960,250,shopify,3,deny,manual,80000,92000,TRUE,FALSE,https://compumundostore.com/wp-content/uploads/2024/06/CARGADOR-ACER-19V-3.42A-65W-5.5-2.5MM.jpg,1,active
jaltech-premium-cargador-dell-19-5v-3-34a-11222,JALTECH PREMIUM CARGADOR DELL 19.5V-3.34A,<p>JALTECH PREMIUM CARGADOR DELL 19.5V-3.34A con garantía oficial Tecno+.</p>,Tecno+,Cargadores y Energía,Cargadores y Energía,"Cargadores y Energía, tecno-plus",TRUE,Title,Default Title,11222,250,shopify,2,deny,manual,90000,103500,TRUE,FALSE,https://ctsaul.com/tienda/wp-content/uploads/2025/03/xd-66-scaled.jpg,1,active
carg-para-asus-19v-1-75a-10510,CARG PARA ASUS 19V 1.75A,<p>CARG PARA ASUS 19V 1.75A con garantía oficial Tecno+.</p>,Tecno+,Accesorios y Varios,Accesorios y Varios,"Accesorios y Varios, tecno-plus",TRUE,Title,Default Title,10510,250,shopify,3,deny,manual,80000,92000,TRUE,FALSE,https://jaltechsas.com/wp-content/uploads/2023/11/CARG.-PARA-ASUS-19V-1.75_80300_BSK-AS03_1.png?ref=10510,1,active
jaltech-premium-cargador-dell-19-5v-2-31a-11178,JALTECH PREMIUM CARGADOR DELL 19.5V 2.31A,<p>JALTECH PREMIUM CARGADOR DELL 19.5V 2.31A con garantía oficial Tecno+.</p>,Tecno+,Cargadores y Energía,Cargadores y Energía,"Cargadores y Energía, tecno-plus",TRUE,Title,Default Title,11178,250,shopify,2,deny,manual,85000,97750,TRUE,FALSE,https://exitocol.vtexassets.com/arquivos/ids/27066838/cargador-generico-premiun-jaltech-dell-195v-231a-11178.jpg?v=638776014941700000,1,active
cargador-para-hp-punta-azul-19-5v-3-33a-h07p-10411,CARGADOR PARA HP PUNTA AZUL 19.5V 3.33A H07P,<p>CARGADOR PARA HP PUNTA AZUL 19.5V 3.33A H07P con garantía oficial Tecno+.</p>,Tecno+,Cargadores y Energía,Cargadores y Energía,"Cargadores y Energía, tecno-plus",TRUE,Title,Default Title,10411,250,shopify,3,deny,manual,85000,97750,TRUE,FALSE,https://www.electronicaalex.com/wp-content/uploads/2025/06/Cargador-para-Notebook-Hp-19.5V-3.33A-Plug-4.5X3.0MM-600x600.webp,1,active
carg-para-asus-19v-3-42a-65w-negra-as-10750,CARG PARA ASUS 19V 3.42A 65W NEGRA AS,<p>CARG PARA ASUS 19V 3.42A 65W NEGRA AS con garantía oficial Tecno+.</p>,Tecno+,Accesorios y Varios,Accesorios y Varios,"Accesorios y Varios, tecno-plus",TRUE,Title,Default Title,10750,250,shopify,3,deny,manual,85000,97750,TRUE,FALSE,https://eurocomputer.com.uy/wp-content/uploads/2023/06/CNBAS1.jpg,1,active
vidrios-templados-9126,VIDRIOS TEMPLADOS,<p>VIDRIOS TEMPLADOS con garantía oficial Tecno+.</p>,Tecno+,Accesorios y Varios,Accesorios y Varios,"Accesorios y Varios, tecno-plus",TRUE,Title,Default Title,9126,250,shopify,176,deny,manual,10000,11500,TRUE,FALSE,https://http2.mlstatic.com/D_NQ_NP_806843-MLA84848804699_052025-O.webp?ref=9126,1,active
jaltech-premium-cargador-toshiba-19v-3-42a-10071,JALTECH PREMIUM CARGADOR TOSHIBA 19V-3.42A,<p>JALTECH PREMIUM CARGADOR TOSHIBA 19V-3.42A con garantía oficial Tecno+.</p>,Tecno+,Cargadores y Energía,Cargadores y Energía,"Cargadores y Energía, tecno-plus",TRUE,Title,Default Title,10071,250,shopify,2,deny,manual,80000,92000,TRUE,FALSE,https://jaltechsas.com/wp-content/uploads/2019/05/CARGADOR TOSHIBA 19v-3.42A_10071_T01P_3-600x600.png,1,active
carg-para-asus-19v-1-75a-10510,CARG PARA ASUS 19V 1.75A,<p>CARG PARA ASUS 19V 1.75A con garantía oficial Tecno+.</p>,Tecno+,Accesorios y Varios,Accesorios y Varios,"Accesorios y Varios, tecno-plus",TRUE,Title,Default Title,10510,250,shopify,2,deny,manual,80000,92000,TRUE,FALSE,https://jaltechsas.com/wp-content/uploads/2023/11/CARG.-PARA-ASUS-19V-1.75_80300_BSK-AS03_1.png,1,active
carg-para-mini-hp-19-5v-2-05a-10060,CARG PARA MINI HP 19.5V 2.05A,<p>CARG PARA MINI HP 19.5V 2.05A con garantía oficial Tecno+.</p>,Tecno+,Accesorios y Varios,Accesorios y Varios,"Accesorios y Varios, tecno-plus",TRUE,Title,Default Title,10060,250,shopify,2,deny,manual,40000,46000,TRUE,FALSE,https://eurocomputer.com.uy/wp-content/uploads/2023/06/hp-charger10.png,1,active
jaltech-premium-cargador-dell-19-5v-3-34a-10675,JALTECH PREMIUM CARGADOR DELL 19.5V-3.34A,<p>JALTECH PREMIUM CARGADOR DELL 19.5V-3.34A con garantía oficial Tecno+.</p>,Tecno+,Cargadores y Energía,Cargadores y Energía,"Cargadores y Energía, tecno-plus",TRUE,Title,Default Title,10675,250,shopify,2,deny,manual,85000,97750,TRUE,FALSE,https://compunadia.com/assets/media/cargadores/cargador-portatil-dell-d01p-jaltech-premium_1.jpg,1,active
jaltech-premium-cargador-asus-usb-19v-1-75a-10663,JALTECH PREMIUM CARGADOR ASUS USB 19V-1.75A,<p>JALTECH PREMIUM CARGADOR ASUS USB 19V-1.75A con garantía oficial Tecno+.</p>,Tecno+,Cargadores y Energía,Cargadores y Energía,"Cargadores y Energía, tecno-plus",TRUE,Title,Default Title,10663,250,shopify,1,deny,manual,65000,74750,TRUE,FALSE,https://ctsaul.com/tienda/wp-content/uploads/2025/03/xd-63-scaled.jpg,1,active
jaltech-preimum-cargador-macbook-14-5v-3-1a-10860,JALTECH PREIMUM CARGADOR MACBOOK 14.5V-3.1A,<p>JALTECH PREIMUM CARGADOR MACBOOK 14.5V-3.1A con garantía oficial Tecno+.</p>,Tecno+,Cargadores y Energía,Cargadores y Energía,"Cargadores y Energía, tecno-plus",TRUE,Title,Default Title,10860,250,shopify,1,deny,manual,100000,115000,TRUE,FALSE,https://ramsystems.com.ec/wp-content/uploads/2026/03/MAC-CARGADOR-14.5V-3.1A-REPLICA-TIPO-L-45W-500x500-1.png,1,active
jaltech-premium-cargador-universal-15v-20v6a-10787,JALTECH PREMIUM CARGADOR UNIVERSAL 15V-20V6A,<p>JALTECH PREMIUM CARGADOR UNIVERSAL 15V-20V6A con garantía oficial Tecno+.</p>,Tecno+,Cargadores y Energía,Cargadores y Energía,"Cargadores y Energía, tecno-plus",TRUE,Title,Default Title,10787,250,shopify,1,deny,manual,160000,184000,TRUE,FALSE,https://corporativo.jaltechsas.com/wp-content/uploads/2025/02/CARGADOR-PARA-PORTATIL-UNIVERSAL_10787_TY-01P2-562x1024.png,1,active
jaltech-premium-cargador-sony-10-5v-3-9a-10088,JALTECH PREMIUM CARGADOR SONY 10.5V-3.9A,<p>JALTECH PREMIUM CARGADOR SONY 10.5V-3.9A con garantía oficial Tecno+.</p>,Tecno+,Cargadores y Energía,Cargadores y Energía,"Cargadores y Energía, tecno-plus",TRUE,Title,Default Title,10088,250,shopify,3,deny,manual,85000,97750,TRUE,FALSE,https://ctsaul.com/tienda/wp-content/uploads/2025/03/xd-72-scaled-600x416.jpg,1,active
jaltech-premium-cargador-samsung-19v-3-16a-10287,JALTECH PREMIUM CARGADOR SAMSUNG 19V-3.16A,<p>JALTECH PREMIUM CARGADOR SAMSUNG 19V-3.16A con garantía oficial Tecno+.</p>,Tecno+,Cargadores y Energía,Cargadores y Energía,"Cargadores y Energía, tecno-plus",TRUE,Title,Default Title,10287,250,shopify,2,deny,manual,85000,97750,TRUE,FALSE,https://jaltechsas.com/wp-content/uploads/2019/05/Cargador para SAMSUNG 19V-3 16A_10287_SAM-01P_2-600x600.png,1,active
jaltech-premium-cargador-samsung-14v-2-14a-10531,JALTECH PREMIUM CARGADOR SAMSUNG 14V-2.14A,<p>JALTECH PREMIUM CARGADOR SAMSUNG 14V-2.14A con garantía oficial Tecno+.</p>,Tecno+,Cargadores y Energía,Cargadores y Energía,"Cargadores y Energía, tecno-plus",TRUE,Title,Default Title,10531,250,shopify,1,deny,manual,58000,66700,TRUE,FALSE,https://ctsaul.com/tienda/wp-content/uploads/2025/03/xd-70-scaled.jpg,1,active
jaltech-premium-cargador-lenovo-20v-3-25a-10281,JALTECH PREMIUM CARGADOR LENOVO 20V-3.25A,<p>JALTECH PREMIUM CARGADOR LENOVO 20V-3.25A con garantía oficial Tecno+.</p>,Tecno+,Cargadores y Energía,Cargadores y Energía,"Cargadores y Energía, tecno-plus",TRUE,Title,Default Title,10281,250,shopify,2,deny,manual,85000,97750,TRUE,FALSE,https://exitocol.vtexassets.com/arquivos/ids/27066756/cargador-generico-premiun-jaltech-lenovo-20v-325a-10281.jpg?v=638776014388670000,1,active
jaltech-premium-cargador-monitor-lg-12v-3a-10737,JALTECH PREMIUM CARGADOR MONITOR LG 12V-3A,<p>JALTECH PREMIUM CARGADOR MONITOR LG 12V-3A con garantía oficial Tecno+.</p>,Tecno+,Cargadores y Energía,Cargadores y Energía,"Cargadores y Energía, tecno-plus",TRUE,Title,Default Title,10737,250,shopify,2,deny,manual,58000,66700,TRUE,FALSE,https://compunadia.com/assets/media/cargadores/cargador-as-07-mp-19v-21a.png,1,active
jaltech-premium-cargador-monitor-samsung-19v-2-1a-10690,JALTECH PREMIUM CARGADOR MONITOR SAMSUNG 19V-2.1A,<p>JALTECH PREMIUM CARGADOR MONITOR SAMSUNG 19V-2.1A con garantía oficial Tecno+.</p>,Tecno+,Cargadores y Energía,Cargadores y Energía,"Cargadores y Energía, tecno-plus",TRUE,Title,Default Title,10690,250,shopify,2,deny,manual,85000,97750,TRUE,FALSE,https://jaltechsas.com/wp-content/uploads/2019/05/CARGADOR PARA MONITOR SAM 19V-2.1A_10690_SAM-08MP_3-600x600.png,1,active
jaltech-premium-cargador-lenovo-5v-4a-10785,JALTECH PREMIUM CARGADOR LENOVO 5V-4A,<p>JALTECH PREMIUM CARGADOR LENOVO 5V-4A con garantía oficial Tecno+.</p>,Tecno+,Cargadores y Energía,Cargadores y Energía,"Cargadores y Energía, tecno-plus",TRUE,Title,Default Title,10785,250,shopify,2,deny,manual,55000,63250,TRUE,FALSE,https://jaltechsas.com/wp-content/uploads/2019/05/CARGADOR PARA LENOVO IDEAPAD 5V 4A_10785_LEN-13MP_3-600x600.png,1,active
pasta-termica-silver-carye-tdp=w/(8.5)mk,PASTA TERMICA SILVER CARYE,<p>PASTA TERMICA SILVER CARYE con garantía oficial Tecno+.</p>,Tecno+,POS y Oficina,POS y Oficina,"POS y Oficina, tecno-plus",TRUE,Title,Default Title,TDP=W/(8.5)MK,250,shopify,2,deny,manual,18000,20700,TRUE,FALSE,https://hippersolucoes.com.br/wp-content/uploads/2022/11/pastasilver-1024x1024.png,1,active
bateria-9v-tronex-515,BATERIA 9V TRONEX,<p>BATERIA 9V TRONEX con garantía oficial Tecno+.</p>,Tecno+,Cargadores y Energía,Cargadores y Energía,"Cargadores y Energía, tecno-plus",TRUE,Title,Default Title,515,250,shopify,6,deny,manual,10000,11500,TRUE,FALSE,https://makingbusiness.com.co/wp-content/uploads/2025/01/TR9VRB1.png,1,active
bateria-triple-aaa-tronex-r03,BATERIA TRIPLE AAA TRONEX,<p>BATERIA TRIPLE AAA TRONEX con garantía oficial Tecno+.</p>,Tecno+,Cargadores y Energía,Cargadores y Energía,"Cargadores y Energía, tecno-plus",TRUE,Title,Default Title,R03,250,shopify,2,deny,manual,8000,9200,TRUE,FALSE,https://makingbusiness.com.co/wp-content/uploads/2025/01/TRAAAR03EHDBLK.png,1,active
switch-de-8-puertos-10-100-1000-mercusys-ms108g,SWITCH DE 8 PUERTOS 10/100/1000 MERCUSYS,<p>SWITCH DE 8 PUERTOS 10/100/1000 MERCUSYS con garantía oficial Tecno+.</p>,Tecno+,Accesorios y Varios,Accesorios y Varios,"Accesorios y Varios, tecno-plus",TRUE,Title,Default Title,MS108G,250,shopify,1,deny,manual,80000,92000,TRUE,FALSE,https://compubit.com.co/wp-content/uploads/2024/07/mas-87.jpg,1,active
convertidor-usb-a-hdmi-hembra-b412b-11723,CONVERTIDOR USB A HDMI HEMBRA B412B,<p>CONVERTIDOR USB A HDMI HEMBRA B412B con garantía oficial Tecno+.</p>,Tecno+,Cables y Conectividad,Cables y Conectividad,"Cables y Conectividad, tecno-plus",TRUE,Title,Default Title,11723,250,shopify,5,deny,manual,70000,80500,TRUE,FALSE,https://paisatech.co/wp-content/uploads/2026/02/CABLE-CONVERSOR-USB-3.0-A-HDMI_10558_B412_.png,1,active
cable-otg-tipo-c-a-hdmi-4k-11539,CABLE OTG TIPO C A HDMI 4K,<p>CABLE OTG TIPO C A HDMI 4K con garantía oficial Tecno+.</p>,Tecno+,Cables y Conectividad,Cables y Conectividad,"Cables y Conectividad, tecno-plus",TRUE,Title,Default Title,11539,250,shopify,4,deny,manual,90000,103500,TRUE,FALSE,https://cambiosystem.com/wp-content/uploads/2026/03/Cable-Otg-Tipo-C-A-Hdmi-4k-Jal-Htc-02-11539-1.png,1,active
cable-otg-lightning-a-hdmi-full-hd-ja-11537,CABLE OTG LIGHTNING A HDMI FULL HD JA,<p>CABLE OTG LIGHTNING A HDMI FULL HD JA con garantía oficial Tecno+.</p>,Tecno+,Cables y Conectividad,Cables y Conectividad,"Cables y Conectividad, tecno-plus",TRUE,Title,Default Title,11537,250,shopify,1,deny,manual,70000,80500,TRUE,FALSE,https://http2.mlstatic.com/D_NQ_NP_664169-MCO93834760577_092025-O.webp,1,active
cable-adaptador-tipo-c-4-en-1-lh018-11196,CABLE ADAPTADOR TIPO C 4 EN 1 LH018,<p>CABLE ADAPTADOR TIPO C 4 EN 1 LH018 con garantía oficial Tecno+.</p>,Tecno+,Cables y Conectividad,Cables y Conectividad,"Cables y Conectividad, tecno-plus",TRUE,Title,Default Title,11196,250,shopify,2,deny,manual,80000,92000,TRUE,FALSE,https://cambiosystem.com/wp-content/uploads/2024/03/Cable-Adaptador-Tipo-C-4-En-1-Lh018-11196-700x700.png,1,active
hub-usb-tipo-c-dual-rj45-lh032-11228,HUB USB TIPO C DUAL RJ45 LH032,<p>HUB USB TIPO C DUAL RJ45 LH032 con garantía oficial Tecno+.</p>,Tecno+,Cómputo y Accesorios,Cómputo y Accesorios,"Cómputo y Accesorios, tecno-plus",TRUE,Title,Default Title,11228,250,shopify,1,deny,manual,95000,109250,TRUE,FALSE,https://paisatech.co/wp-content/uploads/2025/08/HUB-USB-TIPO-C-DUAL-RJ45_11228_LH032_2-600x600-1.png,1,active
hub-usb-a-tipo-c-dual-6-en-1-11230,HUB USB A TIPO C DUAL 6 EN 1,<p>HUB USB A TIPO C DUAL 6 EN 1 con garantía oficial Tecno+.</p>,Tecno+,Cómputo y Accesorios,Cómputo y Accesorios,"Cómputo y Accesorios, tecno-plus",TRUE,Title,Default Title,11230,250,shopify,1,deny,manual,80000,92000,TRUE,FALSE,https://jaltechsas.com/wp-content/uploads/2022/08/HUB-USB-TIPO-C-DUAL-6-EN-1_11230_LH034_2-300x300.png,1,active
jaltech-hdmi-splitter-2-canales-1124200,JALTECH HDMI SPLITTER 2 CANALES,<p>JALTECH HDMI SPLITTER 2 CANALES con garantía oficial Tecno+.</p>,Tecno+,Cables y Conectividad,Cables y Conectividad,"Cables y Conectividad, tecno-plus",TRUE,Title,Default Title,1124200,250,shopify,1,deny,manual,50000,57500,TRUE,FALSE,https://tu360compras.bancolombia.com/647458-large_default/splitter-hdmi-2-puertos-4k-30hz-16162.jpg,1,active
hdmi-splitter-x2-4klh044-11242,HDMI SPLITTER X2 4KLH044,<p>HDMI SPLITTER X2 4KLH044 con garantía oficial Tecno+.</p>,Tecno+,Cables y Conectividad,Cables y Conectividad,"Cables y Conectividad, tecno-plus",TRUE,Title,Default Title,11242,250,shopify,2,deny,manual,50000,57500,TRUE,FALSE,https://cambiosystem.com/wp-content/uploads/2024/09/Hdmi-Splitter-X2-4k-Lh0441-1000x1000.png,1,active
hdmi-splitter-x4-4k-lh045-11243,HDMI SPLITTER X4 4K LH045,<p>HDMI SPLITTER X4 4K LH045 con garantía oficial Tecno+.</p>,Tecno+,Cables y Conectividad,Cables y Conectividad,"Cables y Conectividad, tecno-plus",TRUE,Title,Default Title,11243,250,shopify,2,deny,manual,60000,69000,TRUE,FALSE,https://jaltechsas.com/wp-content/uploads/2024/08/HDMI-SPLITTER-X4-4K_11243_LH045_6-768x768.png,1,active
desktop-switch-8-port-10-100mbps-tenda-9001,DESKTOP SWITCH 8-PORT 10/100Mbps TENDA,<p>DESKTOP SWITCH 8-PORT 10/100Mbps TENDA con garantía oficial Tecno+.</p>,Tecno+,Accesorios y Varios,Accesorios y Varios,"Accesorios y Varios, tecno-plus",TRUE,Title,Default Title,9001,250,shopify,2,deny,manual,90000,103500,TRUE,FALSE,https://doubleclick.ma/wp-content/uploads/2024/06/tenda-s108-8-port-desktop-switch.jpg,1,active
switch-plus-5-puertos-base-100-11646,SWITCH PLUS 5 PUERTOS BASE 100,<p>SWITCH PLUS 5 PUERTOS BASE 100 con garantía oficial Tecno+.</p>,Tecno+,Accesorios y Varios,Accesorios y Varios,"Accesorios y Varios, tecno-plus",TRUE,Title,Default Title,11646,250,shopify,2,deny,manual,45000,51750,TRUE,FALSE,http://www.goditek.com/cdn/shop/files/SWITCH-PLUS-5-PUERTOS-BASE-100---JAL-PS5_11646_JAL-PS5_1_1200x1200.png?v=1751043231&item_ref=11646,1,active
hdmi-splitter-x-8-4k-lh103-11618,HDMI SPLITTER X 8 4K LH103,<p>HDMI SPLITTER X 8 4K LH103 con garantía oficial Tecno+.</p>,Tecno+,Cables y Conectividad,Cables y Conectividad,"Cables y Conectividad, tecno-plus",TRUE,Title,Default Title,11618,250,shopify,1,deny,manual,100000,115000,TRUE,FALSE,https://cambiosystem.com/wp-content/uploads/2025/06/Hdmi-Splitter-X8-4k-Lh103-11618-1.png,1,active
parlantes-doble-conexion-pc-y-zidli-d80,PARLANTES DOBLE CONEXION PC Y,<p>PARLANTES DOBLE CONEXION PC Y con garantía oficial Tecno+.</p>,Tecno+,Sonido y Audio,Sonido y Audio,"Sonido y Audio, tecno-plus",TRUE,Title,Default Title,ZIDLI-D80,250,shopify,1,deny,manual,155000,178250,TRUE,FALSE,https://http2.mlstatic.com/D_NQ_NP_802711-MLA95242467298_102025-O.webp,1,active
lapiz-universal-para-ipad-11-a16-model:pen,LAPIZ UNIVERSAL PARA IPAD 11 A16,<p>LAPIZ UNIVERSAL PARA IPAD 11 A16 con garantía oficial Tecno+.</p>,Tecno+,Accesorios y Varios,Accesorios y Varios,"Accesorios y Varios, tecno-plus",TRUE,Title,Default Title,MODEL:PEN,250,shopify,1,deny,manual,100000,115000,TRUE,FALSE,https://m.media-amazon.com/images/I/51kzfTknkFL._AC_.jpg,1,active
capturadora-de-video-ms118,CAPTURADORA DE VIDEO,<p>CAPTURADORA DE VIDEO con garantía oficial Tecno+.</p>,Tecno+,Accesorios y Varios,Accesorios y Varios,"Accesorios y Varios, tecno-plus",TRUE,Title,Default Title,MS118,250,shopify,1,deny,manual,100000,115000,TRUE,FALSE,https://www.lognetinfo.com.br/imagens/original/23290A.jpg,1,active
soporte-360-smarphone-zm0116-30784,SOPORTE 360 SMARPHONE ZM0116,<p>SOPORTE 360 SMARPHONE ZM0116 con garantía oficial Tecno+.</p>,Tecno+,Accesorios y Varios,Accesorios y Varios,"Accesorios y Varios, tecno-plus",TRUE,Title,Default Title,30784,250,shopify,3,deny,manual,15000,17250,TRUE,FALSE,https://jaltechsas.com/wp-content/uploads/2025/07/SOPORTE-360-SMARTPHONE-ZM-0116-_30784_ZM-0116_3-1024x1024.png,1,active
noise-cancellation-headset-c911800,NOISE CANCELLATION HEADSET,<p>NOISE CANCELLATION HEADSET con garantía oficial Tecno+.</p>,Tecno+,Accesorios y Varios,Accesorios y Varios,"Accesorios y Varios, tecno-plus",TRUE,Title,Default Title,C911800,250,shopify,1,deny,manual,60000,69000,TRUE,FALSE,https://image.made-in-china.com/2f0j00lsKqSUPzngob/Heavy-Duty-Noise-Canceling-Headset.webp,1,active
hdtv-extender-cat-5e-6-41,HDTV EXTENDER CAT-5e/6,<p>HDTV EXTENDER CAT-5e/6 con garantía oficial Tecno+.</p>,Tecno+,Cables y Conectividad,Cables y Conectividad,"Cables y Conectividad, tecno-plus",TRUE,Title,Default Title,41,250,shopify,1,deny,manual,90000,103500,TRUE,FALSE,https://www.pcplay.cl/img/productos/7634/Extensor HDTV CAT-5e:6 HDMI 60m IRM 2.webp,1,active
switch-4k-hdmi-x-3-b627-11138,SWITCH 4K HDMI X 3 B627,<p>SWITCH 4K HDMI X 3 B627 con garantía oficial Tecno+.</p>,Tecno+,Accesorios y Varios,Accesorios y Varios,"Accesorios y Varios, tecno-plus",TRUE,Title,Default Title,11138,250,shopify,1,deny,manual,50000,57500,TRUE,FALSE,https://oechsle.vteximg.com.br/arquivos/ids/16949011-1000-1000/image-8ba52485ed5d4fd48f7342f15de7ee49.jpg?v=638370155415270000,1,active
tv-box-2g-16g-mxq-11468,TV BOX 2G 16G MXQ,<p>TV BOX 2G 16G MXQ con garantía oficial Tecno+.</p>,Tecno+,Gaming y TV Box,Gaming y TV Box,"Gaming y TV Box, tecno-plus",TRUE,Title,Default Title,11468,250,shopify,1,deny,manual,180000,207000,TRUE,FALSE,https://cambiosystem.com/wp-content/uploads/2025/02/Tv-Box-2g-16g-Mxq-Multimedia-8-1536x1536.png,1,active
caja-sata-2-5-hdd-case-91320000,CAJA SATA 2.5 HDD CASE,<p>CAJA SATA 2.5 HDD CASE con garantía oficial Tecno+.</p>,Tecno+,Accesorios y Varios,Accesorios y Varios,"Accesorios y Varios, tecno-plus",TRUE,Title,Default Title,91320000,250,shopify,1,deny,manual,55000,63250,TRUE,FALSE,https://http2.mlstatic.com/D_NQ_NP_712678-MCO54303597869_032023-O.webp,1,active
hdtv-19-1-4k-od-8-0-10m-20412732,HDTV 19+1 4K OD 8.0 10M,<p>HDTV 19+1 4K OD 8.0 10M con garantía oficial Tecno+.</p>,Tecno+,Accesorios y Varios,Accesorios y Varios,"Accesorios y Varios, tecno-plus",TRUE,Title,Default Title,20412732,250,shopify,1,deny,manual,65000,74750,TRUE,FALSE,https://www.duino.lk/wp-content/uploads/2023/12/CW0762-3-3.jpg,1,active
switch-8-puertos-base-100-jals8100-11649,SWITCH 8 PUERTOS BASE 100 JALS8100,<p>SWITCH 8 PUERTOS BASE 100 JALS8100 con garantía oficial Tecno+.</p>,Tecno+,Accesorios y Varios,Accesorios y Varios,"Accesorios y Varios, tecno-plus",TRUE,Title,Default Title,11649,250,shopify,4,deny,manual,50000,57500,TRUE,FALSE,https://jaltechsas.com/wp-content/uploads/2025/02/11647_1-1024x564.png,1,active
cable-adaptador-video-lightning-3-en-1-11389,CABLE ADAPTADOR VIDEO LIGHTNING 3 EN 1,<p>CABLE ADAPTADOR VIDEO LIGHTNING 3 EN 1 con garantía oficial Tecno+.</p>,Tecno+,Cables y Conectividad,Cables y Conectividad,"Cables y Conectividad, tecno-plus",TRUE,Title,Default Title,11389,250,shopify,2,deny,manual,90000,103500,TRUE,FALSE,https://luegopagocdn.azureedge.net/content-process/products-images/prod/2926/1596ed6a-5a1d-4b46-8081-66c886e7f541.webp,1,active
hdd-external-case-2-5-nicols-600102,"HDD EXTERNAL CASE 2.5"" NICOLS","<p>HDD EXTERNAL CASE 2.5"" NICOLS con garantía oficial Tecno+.</p>",Tecno+,Accesorios y Varios,Accesorios y Varios,"Accesorios y Varios, tecno-plus",TRUE,Title,Default Title,600102,250,shopify,1,deny,manual,50000,57500,TRUE,FALSE,"https://sp-ao.shortpixel.ai/client/to_auto,q_lossy,ret_img,w_640,h_448/https://nicolscolombia.com/wp-content/uploads/2023/01/600102-9.jpg",1,active
altavoces-inalambricos-zealot-s32-s32,ALTAVOCES INALAMBRICOS ZEALOT - S32,<p>ALTAVOCES INALAMBRICOS ZEALOT - S32 con garantía oficial Tecno+.</p>,Tecno+,Accesorios y Varios,Accesorios y Varios,"Accesorios y Varios, tecno-plus",TRUE,Title,Default Title,S32,250,shopify,2,deny,manual,200000,230000,TRUE,FALSE,https://i5.walmartimages.com/asr/47d9a72d-8cf7-460c-8272-89b44d6cc3ea.10ce68cba0a6fc70697a3c617d2df428.jpeg,1,active
estuche-protector-de-consola-de-video-juego-model-z01,ESTUCHE PROTECTOR DE CONSOLA DE VIDEO JUEGO,<p>ESTUCHE PROTECTOR DE CONSOLA DE VIDEO JUEGO con garantía oficial Tecno+.</p>,Tecno+,Gaming y TV Box,Gaming y TV Box,"Gaming y TV Box, tecno-plus",TRUE,Title,Default Title,MODEL-Z01,250,shopify,3,deny,manual,50000,57500,TRUE,FALSE,https://http2.mlstatic.com/D_NQ_NP_676546-MLC105047055403_012026-O.webp,1,active
cargador-carga-rapida-110v-5a-1595544527,CARGADOR CARGA RAPIDA 110V 5A,<p>CARGADOR CARGA RAPIDA 110V 5A con garantía oficial Tecno+.</p>,Tecno+,Cargadores y Energía,Cargadores y Energía,"Cargadores y Energía, tecno-plus",TRUE,Title,Default Title,1595544527,250,shopify,3,deny,manual,35000,40250,TRUE,FALSE,https://http2.mlstatic.com/D_NQ_NP_997544-MCO70562195020_072023-O.webp,1,active
regulador-de-voltaje-jal-r1000-80406,REGULADOR DE VOLTAJE JAL R1000,<p>REGULADOR DE VOLTAJE JAL R1000 con garantía oficial Tecno+.</p>,Tecno+,Accesorios y Varios,Accesorios y Varios,"Accesorios y Varios, tecno-plus",TRUE,Title,Default Title,80406,250,shopify,3,deny,manual,120000,138000,TRUE,FALSE,https://jaltechsas.com/wp-content/uploads/2025/05/REGULADOR-DE-VOLTAJE-JAL-R1000_80406_JAL-R1000_1-768x768.png,1,active
regulador-de-voltaje-jal-r1200-80407,REGULADOR DE VOLTAJE JAL R1200,<p>REGULADOR DE VOLTAJE JAL R1200 con garantía oficial Tecno+.</p>,Tecno+,Accesorios y Varios,Accesorios y Varios,"Accesorios y Varios, tecno-plus",TRUE,Title,Default Title,80407,250,shopify,3,deny,manual,130000,149500,TRUE,FALSE,https://jaltechsas.com/wp-content/uploads/2025/05/REGULADOR-DE-VOLTAJE-JAL-R1200_80407_JAL-R1200_6-768x768.png,1,active
switch-plus-8-puertos-base-100-11647,SWITCH PLUS 8 PUERTOS BASE 100,<p>SWITCH PLUS 8 PUERTOS BASE 100 con garantía oficial Tecno+.</p>,Tecno+,Accesorios y Varios,Accesorios y Varios,"Accesorios y Varios, tecno-plus",TRUE,Title,Default Title,11647,250,shopify,2,deny,manual,60000,69000,TRUE,FALSE,https://promart.vteximg.com.br/arquivos/ids/7956485-1000-1000/image-0afebd6810c5454facc71130d8e6595e.jpg?v=638500889628100000,1,active
pad-mouse-astro-pro-j-r-pad-001,PAD MOUSE ASTRO PRO J&R,<p>PAD MOUSE ASTRO PRO J&R con garantía oficial Tecno+.</p>,Tecno+,Cómputo y Accesorios,Cómputo y Accesorios,"Cómputo y Accesorios, tecno-plus",TRUE,Title,Default Title,PAD-001,250,shopify,1,deny,manual,160000,184000,TRUE,FALSE,https://tigercomputadores.com/wp-content/uploads/PADMOUSE-ASTRO-600x600.png,1,active
diadema-one-ear-tipo-vt200-11153,DIADEMA ONE EAR TIPO VT200,<p>DIADEMA ONE EAR TIPO VT200 con garantía oficial Tecno+.</p>,Tecno+,Audífonos y Diademas,Audífonos y Diademas,"Audífonos y Diademas, tecno-plus",TRUE,Title,Default Title,11153,250,shopify,3,deny,manual,80000,92000,TRUE,FALSE,https://latiendatecno.com/wp-content/uploads/2025/10/cccc-15-2.png,1,active
fuente-de-poder-230w-reales-plus-230w-11261,FUENTE DE PODER 230W REALES PLUS 230W,<p>FUENTE DE PODER 230W REALES PLUS 230W con garantía oficial Tecno+.</p>,Tecno+,Cargadores y Energía,Cargadores y Energía,"Cargadores y Energía, tecno-plus",TRUE,Title,Default Title,11261,250,shopify,1,deny,manual,110000,126500,TRUE,FALSE,https://jaltechsas.com/wp-content/uploads/2023/03/FUENTE-DE-PODER-230W-REALES_11298_-FPS-230W_1.png?ref=11261,1,active
antena-tdt-5-metros-wb5m-02,ANTENA TDT 5 METROS,<p>ANTENA TDT 5 METROS con garantía oficial Tecno+.</p>,Tecno+,Accesorios y Varios,Accesorios y Varios,"Accesorios y Varios, tecno-plus",TRUE,Title,Default Title,WB5M-02,250,shopify,2,deny,manual,50000,57500,TRUE,FALSE,https://http2.mlstatic.com/D_NQ_NP_789205-MCO83364080179_032025-O.webp,1,active
jaltech-ups-interactica-600-va-reales-360w-80285,JALTECH UPS INTERACTICA 600 VA REALES 360W,<p>JALTECH UPS INTERACTICA 600 VA REALES 360W con garantía oficial Tecno+.</p>,Tecno+,Accesorios y Varios,Accesorios y Varios,"Accesorios y Varios, tecno-plus",TRUE,Title,Default Title,80285,250,shopify,2,deny,manual,320000,368000,TRUE,FALSE,https://jaltechsas.com/wp-content/uploads/2023/08/UPS-INTERACTIVA-600VA_80285_JAL-600-VA_6-768x768.png,1,active
ventilador-cooler-12cm-rgb-12m-80089,VENTILADOR COOLER 12CM RGB 12M,<p>VENTILADOR COOLER 12CM RGB 12M con garantía oficial Tecno+.</p>,Tecno+,Accesorios y Varios,Accesorios y Varios,"Accesorios y Varios, tecno-plus",TRUE,Title,Default Title,80089,250,shopify,2,deny,manual,50000,57500,TRUE,FALSE,https://cambiosystem.com/wp-content/uploads/2024/03/Ventilador-Cooler-12-Cm-Rgb-12m-3.png,1,active
mouse-vertical-inalambrico-recargable-11284,MOUSE VERTICAL INALAMBRICO RECARGABLE,<p>MOUSE VERTICAL INALAMBRICO RECARGABLE con garantía oficial Tecno+.</p>,Tecno+,Cómputo y Accesorios,Cómputo y Accesorios,"Cómputo y Accesorios, tecno-plus",TRUE,Title,Default Title,11284,250,shopify,4,deny,manual,70000,80500,TRUE,FALSE,https://cambiosystem.com/wp-content/uploads/2023/11/Mouse-Vertical-Inalam.-Recargable-Led-4-500x500.png,1,active
mouse-ergonomico-caja-gris-jsy-1,MOUSE ERGONOMICO CAJA GRIS,<p>MOUSE ERGONOMICO CAJA GRIS con garantía oficial Tecno+.</p>,Tecno+,Cómputo y Accesorios,Cómputo y Accesorios,"Cómputo y Accesorios, tecno-plus",TRUE,Title,Default Title,JSY-1,250,shopify,2,deny,manual,70000,80500,TRUE,FALSE,https://rimage.ripley.com.pe/home.ripley/Attachment/MKP/62/PMP20000865184/full_image-1.png,1,active
mini-mouse-basik-tech-usb-80161,MINI MOUSE BASIK TECH USB,<p>MINI MOUSE BASIK TECH USB con garantía oficial Tecno+.</p>,Tecno+,Cómputo y Accesorios,Cómputo y Accesorios,"Cómputo y Accesorios, tecno-plus",TRUE,Title,Default Title,80161,250,shopify,18,deny,manual,20000,23000,TRUE,FALSE,https://tienda.pctintas.com/wp-content/uploads/80161.jpg,1,active
mouse-genius-inalambrico-nx-700-nx-700,MOUSE GENIUS INALAMBRICO NX--700,<p>MOUSE GENIUS INALAMBRICO NX--700 con garantía oficial Tecno+.</p>,Tecno+,Cómputo y Accesorios,Cómputo y Accesorios,"Cómputo y Accesorios, tecno-plus",TRUE,Title,Default Title,NX-700,250,shopify,1,deny,manual,80000,92000,TRUE,FALSE,https://sistemasyprogramas.com/6579-large_default/mouse-inalambrico-genius-nx-700-rojo-wireless.jpg,1,active
mouse-usb-cable-xtrem-negro-jallc09-11474,MOUSE USB CABLE XTREM NEGRO JALLC09,<p>MOUSE USB CABLE XTREM NEGRO JALLC09 con garantía oficial Tecno+.</p>,Tecno+,Cables y Conectividad,Cables y Conectividad,"Cables y Conectividad, tecno-plus",TRUE,Title,Default Title,11474,250,shopify,7,deny,manual,25000,28750,TRUE,FALSE,https://www.njuskalo.hr/image-xlsize/tipkovnica-mis/extreme-usb-c-wired-3d-optical-mouse-lacerta-black-slika-258565874.jpg,1,active
mouse-inalambrico-6915-111722,MOUSE INALAMBRICO 6915,<p>MOUSE INALAMBRICO 6915 con garantía oficial Tecno+.</p>,Tecno+,Cómputo y Accesorios,Cómputo y Accesorios,"Cómputo y Accesorios, tecno-plus",TRUE,Title,Default Title,111722,250,shopify,2,deny,manual,40000,46000,TRUE,FALSE,https://http2.mlstatic.com/D_NQ_NP_786784-MLA48433230177_122021-O.webp,1,active
cargador-plm344i5-para-iphone-plm344i5,CARGADOR PLM344I5 PARA IPHONE,<p>CARGADOR PLM344I5 PARA IPHONE con garantía oficial Tecno+.</p>,Tecno+,Cargadores y Energía,Cargadores y Energía,"Cargadores y Energía, tecno-plus",TRUE,Title,Default Title,PLM344I5,250,shopify,5,deny,manual,30000,34500,TRUE,FALSE,https://m.media-amazon.com/images/I/612+eultLdL.jpg,1,active
cargador-para-iphone-qc-3-0-fast-charger-18w-plm349ip,CARGADOR PARA IPHONE QC 3.0 FAST CHARGER 18W,<p>CARGADOR PARA IPHONE QC 3.0 FAST CHARGER 18W con garantía oficial Tecno+.</p>,Tecno+,Cargadores y Energía,Cargadores y Energía,"Cargadores y Energía, tecno-plus",TRUE,Title,Default Title,PLM349IP,250,shopify,5,deny,manual,40000,46000,TRUE,FALSE,https://ae01.alicdn.com/kf/Sdb7733a008d64b03a268296c84424289X/18W-3A-Quick-Charge-QC-3-0-USB-Charger-Fast-Charger-3-0-Phone-Charger-for.jpg_.webp,1,active
cargador-plm344tc-plm344tc,CARGADOR PLM344TC,<p>CARGADOR PLM344TC con garantía oficial Tecno+.</p>,Tecno+,Cargadores y Energía,Cargadores y Energía,"Cargadores y Energía, tecno-plus",TRUE,Title,Default Title,PLM344TC,250,shopify,2,deny,manual,25000,28750,TRUE,FALSE,http://mercaditosmart.com/cdn/shop/products/11125-i-D751741D-1_1024x.jpg?v=1717858571,1,active
pd-fast-charger-20w-iphone-plm348ip,PD FAST CHARGER 20W IPHONE,<p>PD FAST CHARGER 20W IPHONE con garantía oficial Tecno+.</p>,Tecno+,Accesorios y Varios,Accesorios y Varios,"Accesorios y Varios, tecno-plus",TRUE,Title,Default Title,PLM348IP,250,shopify,3,deny,manual,40000,46000,TRUE,FALSE,https://sc04.alicdn.com/kf/Hda69d24a72094b9ea4c1d1328a5d25e9e/227819903/Hda69d24a72094b9ea4c1d1328a5d25e9e.jpg,1,active
cargador-usb-c-single-usb-fast-wall-charger-2-4-vs-a03 tc,CARGADOR USB-C SINGLE USB FAST WALL CHARGER 2.4,<p>CARGADOR USB-C SINGLE USB FAST WALL CHARGER 2.4 con garantía oficial Tecno+.</p>,Tecno+,Cargadores y Energía,Cargadores y Energía,"Cargadores y Energía, tecno-plus",TRUE,Title,Default Title,VS-A03 TC,250,shopify,21,deny,manual,25000,28750,TRUE,FALSE,https://m.media-amazon.com/images/I/61zHaLX3mUL._AC_.jpg,1,active
single-usb-fast-wall-charger-2-a-iphone-vs-a03iphone,SINGLE USB FAST WALL CHARGER 2.A IPHONE,<p>SINGLE USB FAST WALL CHARGER 2.A IPHONE con garantía oficial Tecno+.</p>,Tecno+,Cómputo y Accesorios,Cómputo y Accesorios,"Cómputo y Accesorios, tecno-plus",TRUE,Title,Default Title,VS-A03IPHONE,250,shopify,6,deny,manual,20000,23000,TRUE,FALSE,https://img4.dhresource.com/webp/m/0x0/f3/albu/km/m/18/be6bb464-61c7-40d4-99e7-b796e2090aa0.jpg,1,active
vidvie-cargador-dual-tipo-c-33w-plm360,VIDVIE CARGADOR DUAL TIPO C 33W,<p>VIDVIE CARGADOR DUAL TIPO C 33W con garantía oficial Tecno+.</p>,Tecno+,Cargadores y Energía,Cargadores y Energía,"Cargadores y Energía, tecno-plus",TRUE,Title,Default Title,PLM360,250,shopify,6,deny,manual,70000,80500,TRUE,FALSE,https://vidvie.com.co/wp-content/uploads/360-i-1-1200x1204.jpg,1,active
type-c-data-cable-cb4031t,TYPE-C DATA CABLE,<p>TYPE-C DATA CABLE con garantía oficial Tecno+.</p>,Tecno+,Cables y Conectividad,Cables y Conectividad,"Cables y Conectividad, tecno-plus",TRUE,Title,Default Title,CB4031T,250,shopify,19,deny,manual,15000,17250,TRUE,FALSE,https://vidvie.hk/Uploads/20240516/1715851198983832.jpg,1,active
type-c-to-to-type-c-data-cable-60w-cb4031c&c,TYPE-C TO TO TYPE-C DATA CABLE 60W,<p>TYPE-C TO TO TYPE-C DATA CABLE 60W con garantía oficial Tecno+.</p>,Tecno+,Cables y Conectividad,Cables y Conectividad,"Cables y Conectividad, tecno-plus",TRUE,Title,Default Title,CB4031C&C,250,shopify,5,deny,manual,18000,20700,TRUE,FALSE,https://cse.jo/image/cache/catalog/products/Cables-100000/CB-TYPEC-60W-1200x1200.jpg,1,active
cable-vs-b01tc-tc-tipo-c-c-vs-b01tc-tc,CABLE VS-B01TC-TC TIPO C-C,<p>CABLE VS-B01TC-TC TIPO C-C con garantía oficial Tecno+.</p>,Tecno+,Cables y Conectividad,Cables y Conectividad,"Cables y Conectividad, tecno-plus",TRUE,Title,Default Title,VS-B01TC-TC,250,shopify,22,deny,manual,15000,17250,TRUE,FALSE,https://resources.claroshop.com/medios-plazavip/mkt/6483f2742c9df_img_3446jpg.jpg,1,active
ip-data-cable-3-a-100-cm-cb4038i,IP DATA CABLE 3.A 100 CM,<p>IP DATA CABLE 3.A 100 CM con garantía oficial Tecno+.</p>,Tecno+,Cables y Conectividad,Cables y Conectividad,"Cables y Conectividad, tecno-plus",TRUE,Title,Default Title,CB4038i,250,shopify,5,deny,manual,20000,23000,TRUE,FALSE,http://www.vidvie.hk/Uploads/20240706/1720233927293931.jpg,1,active
type-c-data-cable-usb-c-300cm-3-a-cb4038,TYPE C DATA CABLE USB-C 300CM 3.A,<p>TYPE C DATA CABLE USB-C 300CM 3.A con garantía oficial Tecno+.</p>,Tecno+,Cables y Conectividad,Cables y Conectividad,"Cables y Conectividad, tecno-plus",TRUE,Title,Default Title,CB4038,250,shopify,1,deny,manual,20000,23000,TRUE,FALSE,https://celulareslaverde.com/wp-content/uploads/2025/03/TYPE-C-DATA-CABLE-1.jpg,1,active
cable-cb4012i5-para-iphone-cb4012i,CABLE CB4012I5 PARA IPHONE,<p>CABLE CB4012I5 PARA IPHONE con garantía oficial Tecno+.</p>,Tecno+,Cables y Conectividad,Cables y Conectividad,"Cables y Conectividad, tecno-plus",TRUE,Title,Default Title,CB4012i,250,shopify,1,deny,manual,15000,17250,TRUE,FALSE,https://www.vidvie.hk/Uploads/20240531/1717137258148252.jpg,1,active
type-c-to-type-c-data-cable-100w-5a-cb4013c&c,TYPE C-TO TYPE C DATA CABLE 100W 5A,<p>TYPE C-TO TYPE C DATA CABLE 100W 5A con garantía oficial Tecno+.</p>,Tecno+,Cables y Conectividad,Cables y Conectividad,"Cables y Conectividad, tecno-plus",TRUE,Title,Default Title,CB4013C&C,250,shopify,7,deny,manual,25000,28750,TRUE,FALSE,https://images.nexusapp.co/assets/34/07/a9/466349345.jpg,1,active
type-c-ip-data-cable-vs-b02,TYPE -C & IP DATA CABLE,<p>TYPE -C & IP DATA CABLE con garantía oficial Tecno+.</p>,Tecno+,Cables y Conectividad,Cables y Conectividad,"Cables y Conectividad, tecno-plus",TRUE,Title,Default Title,VS-B02,250,shopify,22,deny,manual,15000,17250,TRUE,FALSE,http://ven-dens.com/wp-content/uploads/2024/11/2-34.jpg,1,active
type-c-type-c-data-cable-66w-vs-b02-tc,TYPE-C & TYPE C DATA CABLE 66W,<p>TYPE-C & TYPE C DATA CABLE 66W con garantía oficial Tecno+.</p>,Tecno+,Cables y Conectividad,Cables y Conectividad,"Cables y Conectividad, tecno-plus",TRUE,Title,Default Title,VS-B02-TC,250,shopify,8,deny,manual,15000,17250,TRUE,FALSE,"https://icdn.tradew.com/file/202308/1575939/jpg/8042706.jpg?x-oss-process=image/quality,Q_90",1,active
combo-teclado-y-mouse-inalambrico-consmo-ws600,COMBO TECLADO Y MOUSE INALAMBRICO CONSMO,<p>COMBO TECLADO Y MOUSE INALAMBRICO CONSMO con garantía oficial Tecno+.</p>,Tecno+,Cómputo y Accesorios,Cómputo y Accesorios,"Cómputo y Accesorios, tecno-plus",TRUE,Title,Default Title,WS600,250,shopify,1,deny,manual,80000,92000,TRUE,FALSE,https://dizaonline.com/wp-content/uploads/2024/03/Combo-Teclado-y-Mouse-Inalambrico-Recargable.jpg,1,active
teclados-alambricos-sunjoy-sw-k110-sw-k110,TECLADOS ALAMBRICOS SUNJOY SW-K110,<p>TECLADOS ALAMBRICOS SUNJOY SW-K110 con garantía oficial Tecno+.</p>,Tecno+,Cómputo y Accesorios,Cómputo y Accesorios,"Cómputo y Accesorios, tecno-plus",TRUE,Title,Default Title,SW-K110,250,shopify,1,deny,manual,40000,46000,TRUE,FALSE,https://http2.mlstatic.com/D_NQ_NP_800016-MLA100575943522_122025-O.webp,1,active
combo-teclado-genius-km-160,COMBO TECLADO GENIUS,<p>COMBO TECLADO GENIUS con garantía oficial Tecno+.</p>,Tecno+,Cómputo y Accesorios,Cómputo y Accesorios,"Cómputo y Accesorios, tecno-plus",TRUE,Title,Default Title,KM-160,250,shopify,1,deny,manual,100000,115000,TRUE,FALSE,https://nanotech-market.com/wp-content/uploads/2023/07/Lime-Green-and-Black-Active-Hype-Personal-Fitness-Coach-Instagram-Post-2023-07-24T145730.733-1-1024x1024.png,1,active
teclado-alambrico-usb-flexible-negro-caja-azul-r11-1,TECLADO ALAMBRICO USB FLEXIBLE NEGRO CAJA AZUL,<p>TECLADO ALAMBRICO USB FLEXIBLE NEGRO CAJA AZUL con garantía oficial Tecno+.</p>,Tecno+,Cómputo y Accesorios,Cómputo y Accesorios,"Cómputo y Accesorios, tecno-plus",TRUE,Title,Default Title,R11-1,250,shopify,2,deny,manual,40000,46000,TRUE,FALSE,https://http2.mlstatic.com/D_NQ_NP_943793-MLU74102534003_012024-O.webp,1,active
teclado-alambrico-usb-flexible-negro-numerico-r11-2,TECLADO ALAMBRICO USB FLEXIBLE NEGRO NUMERICO,<p>TECLADO ALAMBRICO USB FLEXIBLE NEGRO NUMERICO con garantía oficial Tecno+.</p>,Tecno+,Cómputo y Accesorios,Cómputo y Accesorios,"Cómputo y Accesorios, tecno-plus",TRUE,Title,Default Title,R11-2,250,shopify,1,deny,manual,55000,63250,TRUE,FALSE,https://http2.mlstatic.com/D_NQ_NP_820256-MLM81769591903_012025-O.webp,1,active
teclado-basik-tech-usb-bsk8t-80164,TECLADO BASIK TECH USB BSK8T,<p>TECLADO BASIK TECH USB BSK8T con garantía oficial Tecno+.</p>,Tecno+,Cómputo y Accesorios,Cómputo y Accesorios,"Cómputo y Accesorios, tecno-plus",TRUE,Title,Default Title,80164,250,shopify,10,deny,manual,30000,34500,TRUE,FALSE,https://cambiosystem.com/wp-content/uploads/2025/06/Teclado-Basik-Tech-Usb-Bsk08t-80164-700x700.png,1,active
combo-usb-teclado-y-mouse-bsk-9307-80412,COMBO USB TECLADO Y MOUSE BSK 9307,<p>COMBO USB TECLADO Y MOUSE BSK 9307 con garantía oficial Tecno+.</p>,Tecno+,Cómputo y Accesorios,Cómputo y Accesorios,"Cómputo y Accesorios, tecno-plus",TRUE,Title,Default Title,80412,250,shopify,5,deny,manual,45000,51750,TRUE,FALSE,https://jaltechsas.com/wp-content/uploads/2026/01/COMBO-USB-TECLADO-Y-MOUSE-BSK-9307_80412_BSK-9307_7-768x768.png,1,active
teclado-usb-gamer-tech-gt600t-10900,TECLADO USB GAMER TECH GT600T,<p>TECLADO USB GAMER TECH GT600T con garantía oficial Tecno+.</p>,Tecno+,Gaming y TV Box,Gaming y TV Box,"Gaming y TV Box, tecno-plus",TRUE,Title,Default Title,10900,250,shopify,4,deny,manual,90000,103500,TRUE,FALSE,https://jaltechsas.com/wp-content/uploads/2019/11/TECLADO USB GAMER TECH GT600T_10900_GT 600T_3-600x600.png,1,active
j-r-mini-teclado-inalambrico-mtijr-007,J&R MINI TECLADO INALAMBRICO,<p>J&R MINI TECLADO INALAMBRICO con garantía oficial Tecno+.</p>,Tecno+,Cómputo y Accesorios,Cómputo y Accesorios,"Cómputo y Accesorios, tecno-plus",TRUE,Title,Default Title,MTIJR-007,250,shopify,2,deny,manual,85000,97750,TRUE,FALSE,https://exitocol.vteximg.com.br/arquivos/ids/325335/Mini-Teclado-Inalambrico-3-en-1-Retroiluminado-J-R-007.jpg?v=637004854091630000,1,active
estuche-protector-lapiz-stylius-pen-h-hx,ESTUCHE PROTECTOR LAPIZ STYLIUS PEN,<p>ESTUCHE PROTECTOR LAPIZ STYLIUS PEN con garantía oficial Tecno+.</p>,Tecno+,Accesorios y Varios,Accesorios y Varios,"Accesorios y Varios, tecno-plus",TRUE,Title,Default Title,H-HX,250,shopify,2,deny,manual,20000,23000,TRUE,FALSE,https://www.picclickimg.com/0VwAAOSwoWZn0gaZ/Stylus-Pencil-Bag-Tablet-Pencil-Shield-Stylus-Pen.webp,1,active
teclado-usb-gamer-tech-gt400t-10901,TECLADO USB GAMER TECH GT400T,<p>TECLADO USB GAMER TECH GT400T con garantía oficial Tecno+.</p>,Tecno+,Gaming y TV Box,Gaming y TV Box,"Gaming y TV Box, tecno-plus",TRUE,Title,Default Title,10901,250,shopify,1,deny,manual,120000,138000,TRUE,FALSE,https://exitocol.vtexassets.com/arquivos/ids/18480688/TECLADO-USB-GAMER-TECH-GT400T-JAL-TECH-10901-3192683_b.jpg?v=638199300076700000,1,active
combo-usb-teclado-mouse-gamer-t-gt-300c-10907,COMBO USB TECLADO MOUSE GAMER T.GT 300C,<p>COMBO USB TECLADO MOUSE GAMER T.GT 300C con garantía oficial Tecno+.</p>,Tecno+,Gaming y TV Box,Gaming y TV Box,"Gaming y TV Box, tecno-plus",TRUE,Title,Default Title,10907,250,shopify,1,deny,manual,130000,149500,TRUE,FALSE,https://cambiosystem.com/wp-content/uploads/2023/11/Combo-Usb-Teclado-Y-Mouse-Gamer-T.-Gt300c-10907-2-700x700.png,1,active
combo-usb-teclado-gamer-t-10906,COMBO USB TECLADO GAMER T.,<p>COMBO USB TECLADO GAMER T. con garantía oficial Tecno+.</p>,Tecno+,Gaming y TV Box,Gaming y TV Box,"Gaming y TV Box, tecno-plus",TRUE,Title,Default Title,10906,250,shopify,1,deny,manual,100000,115000,TRUE,FALSE,https://cambiosystem.com/wp-content/uploads/2023/11/COMBO-USB-TECLADO-Y-MOUSE-GAMER-T.-GT680C_10906_GT680C_1.png,1,active
adaptador-wifi-ac-dual-band-600m-w164-11360,ADAPTADOR WIFI AC DUAL BAND 600M-W164,<p>ADAPTADOR WIFI AC DUAL BAND 600M-W164 con garantía oficial Tecno+.</p>,Tecno+,Accesorios y Varios,Accesorios y Varios,"Accesorios y Varios, tecno-plus",TRUE,Title,Default Title,11360,250,shopify,1,deny,manual,45000,51750,TRUE,FALSE,https://jaltechsas.com/wp-content/uploads/2023/09/ADAPTADOR-WIFI-AC-DUAL-BAND-600M_11360_AC-600MW164_2.png,1,active
game-stick-pro-gs23g-30493,GAME STICK PRO GS23G,<p>GAME STICK PRO GS23G con garantía oficial Tecno+.</p>,Tecno+,Gaming y TV Box,Gaming y TV Box,"Gaming y TV Box, tecno-plus",TRUE,Title,Default Title,30493,250,shopify,2,deny,manual,180000,207000,TRUE,FALSE,https://www.gamestickpro.com/cdn/shop/files/S1769a0d721b4430e861196979f9646ee0_1_b372f56a-b781-4170-ba85-8c7e143d0954.jpg?v=1737085763,1,active
game-stick-consola-1139509,GAME STICK CONSOLA,<p>GAME STICK CONSOLA con garantía oficial Tecno+.</p>,Tecno+,Gaming y TV Box,Gaming y TV Box,"Gaming y TV Box, tecno-plus",TRUE,Title,Default Title,1139509,250,shopify,1,deny,manual,190000,218500,TRUE,FALSE,http://acdn-us.mitiendanube.com/stores/001/688/686/products/ccccc-dc743cc5eee4f08a1317277939908795-640-0.webp,1,active
vidvie-parlante-led-wireless-sp923,VIDVIE PARLANTE LED WIRELESS,<p>VIDVIE PARLANTE LED WIRELESS con garantía oficial Tecno+.</p>,Tecno+,Sonido y Audio,Sonido y Audio,"Sonido y Audio, tecno-plus",TRUE,Title,Default Title,SP923,250,shopify,1,deny,manual,250000,287500,TRUE,FALSE,https://www.vidvie.hk/Uploads/20240530/1717053387510050.png,1,active
parlante-speaker-bt-mechancal-30681,PARLANTE SPEAKER BT MECHANCAL,<p>PARLANTE SPEAKER BT MECHANCAL con garantía oficial Tecno+.</p>,Tecno+,Sonido y Audio,Sonido y Audio,"Sonido y Audio, tecno-plus",TRUE,Title,Default Title,30681,250,shopify,3,deny,manual,90000,103500,TRUE,FALSE,https://jaltechsas.com/wp-content/uploads/2025/01/SPEAKER-BT-MECHANICAL_30681_Z6-5W_5-1200x1200.png,1,active
parlante-b-transparente-a11-80399,PARLANTE B TRANSPARENTE A11,<p>PARLANTE B TRANSPARENTE A11 con garantía oficial Tecno+.</p>,Tecno+,Sonido y Audio,Sonido y Audio,"Sonido y Audio, tecno-plus",TRUE,Title,Default Title,80399,250,shopify,2,deny,manual,55000,63250,TRUE,FALSE,https://jaltechsas.com/wp-content/uploads/2024/04/PARLANTE-BT-TRANSPARENTE-A11_8039900_A11_4-1200x1200.png,1,active
audifonos-bt-msl05-80403,AUDIFONOS BT MSL05,<p>AUDIFONOS BT MSL05 con garantía oficial Tecno+.</p>,Tecno+,Audífonos y Diademas,Audífonos y Diademas,"Audífonos y Diademas, tecno-plus",TRUE,Title,Default Title,80403,250,shopify,5,deny,manual,40000,46000,TRUE,FALSE,http://tecnomascol.com/cdn/shop/files/Photoroom_20250127_160416_1200x1200.jpg?v=1738865189,1,active
air-conduction-wireless-headset-5-3-bt876,AIR CONDUCTION WIRELESS HEADSET 5.3,<p>AIR CONDUCTION WIRELESS HEADSET 5.3 con garantía oficial Tecno+.</p>,Tecno+,Accesorios y Varios,Accesorios y Varios,"Accesorios y Varios, tecno-plus",TRUE,Title,Default Title,BT876,250,shopify,2,deny,manual,170000,195500,TRUE,FALSE,https://vidvie.hk/Uploads/2024-05-16/6645d17fa3f6b.jpg,1,active
vidvie-audifonos-sport-ear-type-bt858,VIDVIE AUDIFONOS SPORT EAR TYPE,<p>VIDVIE AUDIFONOS SPORT EAR TYPE con garantía oficial Tecno+.</p>,Tecno+,Audífonos y Diademas,Audífonos y Diademas,"Audífonos y Diademas, tecno-plus",TRUE,Title,Default Title,BT858,250,shopify,2,deny,manual,180000,207000,TRUE,FALSE,https://losnovedosos.com/wp-content/uploads/2022/12/D_NQ_NP_649778-MCO51805443386_102022-O.jpg,1,active
wireless-calling-smart-sports-watch-sw1618,WIRELESS CALLING SMART SPORTS WATCH,<p>WIRELESS CALLING SMART SPORTS WATCH con garantía oficial Tecno+.</p>,Tecno+,Smartwatch y Relojes,Smartwatch y Relojes,"Smartwatch y Relojes, tecno-plus",TRUE,Title,Default Title,SW1618,250,shopify,4,deny,manual,120000,138000,TRUE,FALSE,https://http2.mlstatic.com/D_NQ_NP_602363-MLC83509282232_042025-O-reloj-inteligente-smartwatch-llamadas-inalambr-vidvie-sw1618.webp,1,active
in-ear-type-c-cable-cable-control-music-headset-hs664,IN-EAR TYPE-C CABLE CABLE CONTROL MUSIC HEADSET,<p>IN-EAR TYPE-C CABLE CABLE CONTROL MUSIC HEADSET con garantía oficial Tecno+.</p>,Tecno+,Cables y Conectividad,Cables y Conectividad,"Cables y Conectividad, tecno-plus",TRUE,Title,Default Title,HS664,250,shopify,4,deny,manual,35000,40250,TRUE,FALSE,https://celulareslaverde.com/wp-content/uploads/2025/03/Auricular-Cable-Tipo-C-Vidvie-HS664-1.jpg,1,active
wireless-headset-qw15,WIRELESS HEADSET,<p>WIRELESS HEADSET con garantía oficial Tecno+.</p>,Tecno+,Accesorios y Varios,Accesorios y Varios,"Accesorios y Varios, tecno-plus",TRUE,Title,Default Title,QW15,250,shopify,2,deny,manual,28000,32200,TRUE,FALSE,https://www.uka-cham.com/wp-content/uploads/2023/04/Q15.png,1,active
vidvie-audifonos-eb01,VIDVIE AUDIFONOS,<p>VIDVIE AUDIFONOS con garantía oficial Tecno+.</p>,Tecno+,Audífonos y Diademas,Audífonos y Diademas,"Audífonos y Diademas, tecno-plus",TRUE,Title,Default Title,EB01,250,shopify,2,deny,manual,68000,78200,TRUE,FALSE,https://www.vidvie.hk/Uploads/20221220/1671521937385466.jpg,1,active
vidvies-multi-charguin-cable-66w-cb4004,VIDVIES Multi Charguin Cable 66W,<p>VIDVIES Multi Charguin Cable 66W con garantía oficial Tecno+.</p>,Tecno+,Cables y Conectividad,Cables y Conectividad,"Cables y Conectividad, tecno-plus",TRUE,Title,Default Title,CB4004,250,shopify,5,deny,manual,55000,63250,TRUE,FALSE,https://celulareslaverde.com/wp-content/uploads/2025/04/vidvie-multi-charging-cable-cb4004.jpg,1,active
magnetic-metal-ultra-thin-powerbank-5000mah-pb789,MAGNETIC METAL ULTRA-THIN POWERBANK 5000mAh,<p>MAGNETIC METAL ULTRA-THIN POWERBANK 5000mAh con garantía oficial Tecno+.</p>,Tecno+,Accesorios y Varios,Accesorios y Varios,"Accesorios y Varios, tecno-plus",TRUE,Title,Default Title,PB789,250,shopify,2,deny,manual,180000,207000,TRUE,FALSE,https://www.vidvie.hk/Uploads/2024-05-27/665444a7ed85e.png,1,active
power-bank-20000mah-led-pb775,POWER BANK 20000mAh LED,<p>POWER BANK 20000mAh LED con garantía oficial Tecno+.</p>,Tecno+,Cargadores y Energía,Cargadores y Energía,"Cargadores y Energía, tecno-plus",TRUE,Title,Default Title,PB775,250,shopify,1,deny,manual,150000,172500,TRUE,FALSE,https://marketplace.bancointer.com.br/ecommerce/images/platform/8ab732c13d03bab2b362be02385e47ec.png,1,active
fast-charging-power-bank-ugreen-200w-25000mah-pb722,FAST CHARGING POWER BANK UGREEN 200W 25000mAh,<p>FAST CHARGING POWER BANK UGREEN 200W 25000mAh con garantía oficial Tecno+.</p>,Tecno+,Cargadores y Energía,Cargadores y Energía,"Cargadores y Energía, tecno-plus",TRUE,Title,Default Title,PB722,250,shopify,1,deny,manual,390000,448500,TRUE,FALSE,https://img.ep-cdn.com/i/500/500/oh/ohbavpxqmiysgtwdrfcl/ugreen-25000mah-200w-fast-charging-power-bank-pb722-cene.jpg,1,active
amoled-ultra-clear-screen-wireless-call-smart-watch-sw1617,AMOLED ULTRA CLEAR SCREEN WIRELESS CALL SMART WATCH,<p>AMOLED ULTRA CLEAR SCREEN WIRELESS CALL SMART WATCH con garantía oficial Tecno+.</p>,Tecno+,Smartwatch y Relojes,Smartwatch y Relojes,"Smartwatch y Relojes, tecno-plus",TRUE,Title,Default Title,SW1617,250,shopify,1,deny,manual,235000,270250,TRUE,FALSE,https://vidvietech.com/wp-content/uploads/2024/09/1-2.webp,1,active
amoled-ultra-clear-screen-wireless-call-smart-watch-sw1619,AMOLED ULTRA CLEAR SCREEN WIRELESS CALL SMART WATCH,<p>AMOLED ULTRA CLEAR SCREEN WIRELESS CALL SMART WATCH con garantía oficial Tecno+.</p>,Tecno+,Smartwatch y Relojes,Smartwatch y Relojes,"Smartwatch y Relojes, tecno-plus",TRUE,Title,Default Title,SW1619,250,shopify,1,deny,manual,230000,264500,TRUE,FALSE,https://cdn.gearbest.ma/wp-content/uploads/2023/12/New-AMOLED-Screen-Smart-Watch-Always-Show-Time-Bluetooth-Call-Series-8-High-Refresh-Rtae-NFC.webp,1,active
smartwatch-x4-manillas-145946,SMARTWATCH X4 MANILLAS,<p>SMARTWATCH X4 MANILLAS con garantía oficial Tecno+.</p>,Tecno+,Smartwatch y Relojes,Smartwatch y Relojes,"Smartwatch y Relojes, tecno-plus",TRUE,Title,Default Title,145946,250,shopify,1,deny,manual,70000,80500,TRUE,FALSE,https://luegopagocdn.azureedge.net/content-process/products-images/prod/2926/993cbed1-ff99-4ca2-831f-6d631fd00c48.webp,1,active
j-r-watch-2-jyrsw2-0760,J&R WATCH 2,<p>J&R WATCH 2 con garantía oficial Tecno+.</p>,Tecno+,Smartwatch y Relojes,Smartwatch y Relojes,"Smartwatch y Relojes, tecno-plus",TRUE,Title,Default Title,JYRSW2-0760,250,shopify,1,deny,manual,250000,287500,TRUE,FALSE,https://http2.mlstatic.com/D_NQ_NP_823033-MLU77289574234_072024-O.webp,1,active
smart-watch-set-black-i7promaxl-30673,SMART WATCH SET BLACK I7PROMAXL,<p>SMART WATCH SET BLACK I7PROMAXL con garantía oficial Tecno+.</p>,Tecno+,Smartwatch y Relojes,Smartwatch y Relojes,"Smartwatch y Relojes, tecno-plus",TRUE,Title,Default Title,30673,250,shopify,2,deny,manual,90000,103500,TRUE,FALSE,https://cambiosystem.com/wp-content/uploads/2025/02/Smartwatch-Set-Black-–-I7promaxl-5-1536x1536.png,1,active
mouse-pc-708-color-negro-jaltech-10389,MOUSE PC-708 COLOR NEGRO JALTECH,<p>MOUSE PC-708 COLOR NEGRO JALTECH con garantía oficial Tecno+.</p>,Tecno+,Cómputo y Accesorios,Cómputo y Accesorios,"Cómputo y Accesorios, tecno-plus",TRUE,Title,Default Title,10389,250,shopify,5,deny,manual,20000,23000,TRUE,FALSE,https://jaltechsas.com/wp-content/uploads/2022/11/MOUSE-PC_10389_708_2-768x768.png,1,active
mouse-usb-inalambrico-curve-10589,MOUSE USB INALAMBRICO CURVE,<p>MOUSE USB INALAMBRICO CURVE con garantía oficial Tecno+.</p>,Tecno+,Cómputo y Accesorios,Cómputo y Accesorios,"Cómputo y Accesorios, tecno-plus",TRUE,Title,Default Title,10589,250,shopify,6,deny,manual,35000,40250,TRUE,FALSE,https://exitocol.vtexassets.com/arquivos/ids/24286924/mouse-usb-inalambrico-curve-wx-03-cod-10589-jaltech.jpg?v=638604579534870000,1,active
adaptador-wifi-antena-usb-2-0-b441-10637,ADAPTADOR WIFI ANTENA USB 2.0 B441,<p>ADAPTADOR WIFI ANTENA USB 2.0 B441 con garantía oficial Tecno+.</p>,Tecno+,Cómputo y Accesorios,Cómputo y Accesorios,"Cómputo y Accesorios, tecno-plus",TRUE,Title,Default Title,10637,250,shopify,10,deny,manual,30000,34500,TRUE,FALSE,https://exitocol.vtexassets.com/arquivos/ids/29231450/adaptador-wifi-antena-usb-20-b441.jpg?v=638888833154030000,1,active
cable-impresora-1-5mt-filtro-10686,CABLE IMPRESORA 1.5MT FILTRO,<p>CABLE IMPRESORA 1.5MT FILTRO con garantía oficial Tecno+.</p>,Tecno+,Cables y Conectividad,Cables y Conectividad,"Cables y Conectividad, tecno-plus",TRUE,Title,Default Title,10686,250,shopify,15,deny,manual,15000,17250,TRUE,FALSE,https://cambiosystem.com/wp-content/uploads/2025/11/Cable-Impresora-1.5m-Filtro-10686-2-768x768.png,1,active
cable-de-red-cat6-5mts-10849,CABLE DE RED CAT6 5MTS,<p>CABLE DE RED CAT6 5MTS con garantía oficial Tecno+.</p>,Tecno+,Cables y Conectividad,Cables y Conectividad,"Cables y Conectividad, tecno-plus",TRUE,Title,Default Title,10849,250,shopify,4,deny,manual,25000,28750,TRUE,FALSE,https://puntocom.gt/wp-content/uploads/2025/05/431.jpg,1,active
convertidor-hdmi-a-vga-hdmi-2-10922,CONVERTIDOR HDMI A VGA HDMI 2,<p>CONVERTIDOR HDMI A VGA HDMI 2 con garantía oficial Tecno+.</p>,Tecno+,Cables y Conectividad,Cables y Conectividad,"Cables y Conectividad, tecno-plus",TRUE,Title,Default Title,10922,250,shopify,11,deny,manual,25000,28750,TRUE,FALSE,https://jaltechsas.com/wp-content/uploads/2019/10/CONVERTIDOR HDMI A VGA ECO_10922_B559_2-600x600.png,1,active
dp-to-hdmi-4k-cable-1-8m-1094800,DP TO HDMI 4K CABLE 1.8M,<p>DP TO HDMI 4K CABLE 1.8M con garantía oficial Tecno+.</p>,Tecno+,Cables y Conectividad,Cables y Conectividad,"Cables y Conectividad, tecno-plus",TRUE,Title,Default Title,1094800,250,shopify,14,deny,manual,25000,28750,TRUE,FALSE,https://electronicakramon.cl/wp-content/uploads/2025/05/TM-100529.2.jpg,1,active
cable-de-red-cat6-10mts-10949,CABLE DE RED CAT6 10MTS,<p>CABLE DE RED CAT6 10MTS con garantía oficial Tecno+.</p>,Tecno+,Cables y Conectividad,Cables y Conectividad,"Cables y Conectividad, tecno-plus",TRUE,Title,Default Title,10949,250,shopify,4,deny,manual,40000,46000,TRUE,FALSE,https://roxvan.com/wp-content/uploads/2024/11/c584812325688d0557398005fc454d57cee6230c-1728660511-Capturadepantalla2024-10-11103019.png,1,active
convertidor-vga-a-hdmi-lh001-11184,CONVERTIDOR VGA A HDMI LH001,<p>CONVERTIDOR VGA A HDMI LH001 con garantía oficial Tecno+.</p>,Tecno+,Cables y Conectividad,Cables y Conectividad,"Cables y Conectividad, tecno-plus",TRUE,Title,Default Title,11184,250,shopify,9,deny,manual,25000,28750,TRUE,FALSE,https://latiendatecno.com/wp-content/uploads/2024/04/3356.png,1,active
cable-adaptador-tipo-c-3-en-1-lh003-11185,CABLE ADAPTADOR TIPO C 3 EN 1 LH003,<p>CABLE ADAPTADOR TIPO C 3 EN 1 LH003 con garantía oficial Tecno+.</p>,Tecno+,Cables y Conectividad,Cables y Conectividad,"Cables y Conectividad, tecno-plus",TRUE,Title,Default Title,11185,250,shopify,4,deny,manual,50000,57500,TRUE,FALSE,https://cambiosystem.com/wp-content/uploads/2024/03/cable-adaptador-tipo-c-3-en-1_11185_lh00_2.png,1,active
adaptador-wifi-300m-w131-11189,ADAPTADOR WIFI 300M W131,<p>ADAPTADOR WIFI 300M W131 con garantía oficial Tecno+.</p>,Tecno+,Accesorios y Varios,Accesorios y Varios,"Accesorios y Varios, tecno-plus",TRUE,Title,Default Title,11189,250,shopify,10,deny,manual,35000,40250,TRUE,FALSE,https://cambiosystem.com/wp-content/uploads/2024/07/ADAPTADOR-WIFI-300M_11189_W131_1.png,1,active
cable-vga-1-8m-10348,CABLE VGA 1.8M,<p>CABLE VGA 1.8M con garantía oficial Tecno+.</p>,Tecno+,Cables y Conectividad,Cables y Conectividad,"Cables y Conectividad, tecno-plus",TRUE,Title,Default Title,10348,250,shopify,13,deny,manual,15000,17250,TRUE,FALSE,https://jaltechsas.com/wp-content/uploads/2019/10/CABLE VGA 1.8M_10348_VGA-1.8M_5-600x600.png,1,active
fuente-de-poder-230w-reales-plus-230w-11261,FUENTE DE PODER 230W REALES PLUS 230W,<p>FUENTE DE PODER 230W REALES PLUS 230W con garantía oficial Tecno+.</p>,Tecno+,Cargadores y Energía,Cargadores y Energía,"Cargadores y Energía, tecno-plus",TRUE,Title,Default Title,11261,250,shopify,5,deny,manual,100000,115000,TRUE,FALSE,https://jaltechsas.com/wp-content/uploads/2023/03/FUENTE-DE-PODER-230W-REALES_11298_-FPS-230W_1.png,1,active
convert-hdmi-a-vga-activo-lh053-11276,CONVERT HDMI A VGA ACTIVO LH053,<p>CONVERT HDMI A VGA ACTIVO LH053 con garantía oficial Tecno+.</p>,Tecno+,Accesorios y Varios,Accesorios y Varios,"Accesorios y Varios, tecno-plus",TRUE,Title,Default Title,11276,250,shopify,9,deny,manual,25000,28750,TRUE,FALSE,https://cambiosystem.com/wp-content/uploads/2024/08/CONVERT.-HDMI-A-VGA-ACTIVO_11276_LH053_1.png.webp,1,active
cable-mini-hdmi-a-hdmi-1-5-mts-jalmin-11351,CABLE MINI HDMI A HDMI 1.5 MTS JALMIN,<p>CABLE MINI HDMI A HDMI 1.5 MTS JALMIN con garantía oficial Tecno+.</p>,Tecno+,Cables y Conectividad,Cables y Conectividad,"Cables y Conectividad, tecno-plus",TRUE,Title,Default Title,11351,250,shopify,10,deny,manual,20000,23000,TRUE,FALSE,https://http2.mlstatic.com/D_NQ_NP_821560-MLC72703805656_112023-O-cable-mini-hdmi-a-hdmi-largo-15-metros.webp?ref=11351,1,active
extension-usb-macho-macho-50-cms-11510,EXTENSION USB MACHO MACHO 50 CMS,<p>EXTENSION USB MACHO MACHO 50 CMS con garantía oficial Tecno+.</p>,Tecno+,Cómputo y Accesorios,Cómputo y Accesorios,"Cómputo y Accesorios, tecno-plus",TRUE,Title,Default Title,11510,250,shopify,10,deny,manual,13000,14950,TRUE,FALSE,https://jaltechsas.com/wp-content/uploads/2024/08/EXTENSION-USB-MACHO-MACHO-50-CMS_11510_LH101_2-768x768.png,1,active
switch-plus-5-puertos-base-100-11646,SWITCH PLUS 5 PUERTOS BASE 100,<p>SWITCH PLUS 5 PUERTOS BASE 100 con garantía oficial Tecno+.</p>,Tecno+,Accesorios y Varios,Accesorios y Varios,"Accesorios y Varios, tecno-plus",TRUE,Title,Default Title,11646,250,shopify,5,deny,manual,45000,51750,TRUE,FALSE,http://www.goditek.com/cdn/shop/files/SWITCH-PLUS-5-PUERTOS-BASE-100---JAL-PS5_11646_JAL-PS5_1_1200x1200.png?v=1751043231,1,active
base-refrigerante-reclinable-2-b-180a-11796,BASE REFRIGERANTE RECLINABLE 2 B-180A,<p>BASE REFRIGERANTE RECLINABLE 2 B-180A con garantía oficial Tecno+.</p>,Tecno+,Cómputo y Accesorios,Cómputo y Accesorios,"Cómputo y Accesorios, tecno-plus",TRUE,Title,Default Title,11796,250,shopify,4,deny,manual,55000,63250,TRUE,FALSE,https://jaltechsas.com/wp-content/uploads/2025/07/BASE-REFRIGERANTE-RECLINABLE-2-B-180A_11796_B-180A_2-768x768.png,1,active
jaltech-base-refrigerante-ergo-10598,JALTECH BASE REFRIGERANTE ERGO,<p>JALTECH BASE REFRIGERANTE ERGO con garantía oficial Tecno+.</p>,Tecno+,Cómputo y Accesorios,Cómputo y Accesorios,"Cómputo y Accesorios, tecno-plus",TRUE,Title,Default Title,10598,250,shopify,1,deny,manual,60000,69000,TRUE,FALSE,https://jaltechsas.com/wp-content/uploads/2024/05/BASE-REFRIGERANTE-ERGO-BLACK_10598_N18_7.png,1,active
adaptador-wifi-2-en-1-bt-150-mb-11879,ADAPTADOR WIFI 2 EN 1 BT 150 MB,<p>ADAPTADOR WIFI 2 EN 1 BT 150 MB con garantía oficial Tecno+.</p>,Tecno+,Accesorios y Varios,Accesorios y Varios,"Accesorios y Varios, tecno-plus",TRUE,Title,Default Title,11879,250,shopify,8,deny,manual,30000,34500,TRUE,FALSE,https://chars.com.gt/wp-content/uploads/2023/07/ADAPTADOR-2-EN-1.jpg,1,active
combo-basik-tech-inalambrico-80163,COMBO BASIK TECH INALAMBRICO,<p>COMBO BASIK TECH INALAMBRICO con garantía oficial Tecno+.</p>,Tecno+,Accesorios y Varios,Accesorios y Varios,"Accesorios y Varios, tecno-plus",TRUE,Title,Default Title,80163,250,shopify,3,deny,manual,65000,74750,TRUE,FALSE,https://easycolombia.vtexassets.com/arquivos/ids/267004/image-342af1bb5eb14f91beae4c8695fa4df6.jpg?v=638933912793570000,1,active
pad-mouse-basik-80166,PAD MOUSE BASIK,<p>PAD MOUSE BASIK con garantía oficial Tecno+.</p>,Tecno+,Cómputo y Accesorios,Cómputo y Accesorios,"Cómputo y Accesorios, tecno-plus",TRUE,Title,Default Title,80166,250,shopify,10,deny,manual,15000,17250,TRUE,FALSE,https://exitocol.vteximg.com.br/arquivos/ids/24169777/pad-mouse-basik-bskpad-80166.jpg?v=638594182466470000,1,active
carg-para-hp-19-5v-2-31a-45w-80178,CARG PARA HP 19.5V -2.31A 45W,<p>CARG PARA HP 19.5V -2.31A 45W con garantía oficial Tecno+.</p>,Tecno+,Accesorios y Varios,Accesorios y Varios,"Accesorios y Varios, tecno-plus",TRUE,Title,Default Title,80178,250,shopify,6,deny,manual,60000,69000,TRUE,FALSE,https://eurocomputer.com.uy/wp-content/uploads/2024/09/hp-charger-original.png,1,active
hub-3-0-basik-tech-bskhub3-0-80269,HUB 3.0 BASIK TECH BSKHUB3.0,<p>HUB 3.0 BASIK TECH BSKHUB3.0 con garantía oficial Tecno+.</p>,Tecno+,Cómputo y Accesorios,Cómputo y Accesorios,"Cómputo y Accesorios, tecno-plus",TRUE,Title,Default Title,80269,250,shopify,8,deny,manual,25000,28750,TRUE,FALSE,https://roxvan.com/wp-content/uploads/2026/03/c584812325688d0557398005fc454d57cee6230c-1771943454-WhatsAppImage2026-02-24at9.07.29AM-1.jpeg,1,active
mouse-genius-alambrico-dx-120-dx-120,MOUSE GENIUS ALAMBRICO DX-120,<p>MOUSE GENIUS ALAMBRICO DX-120 con garantía oficial Tecno+.</p>,Tecno+,Cómputo y Accesorios,Cómputo y Accesorios,"Cómputo y Accesorios, tecno-plus",TRUE,Title,Default Title,DX-120,250,shopify,1,deny,manual,40000,46000,TRUE,FALSE,https://panamericana.vtexassets.com/arquivos/ids/589947/mouse-optico-alambrico-dx-120-negro-2-4710268262299.jpg?v=638816179245930000,1,active
caja-externa-3-0-basik-tech-bskcaja3-80271,CAJA EXTERNA 3.0 BASIK TECH BSKCAJA3,<p>CAJA EXTERNA 3.0 BASIK TECH BSKCAJA3 con garantía oficial Tecno+.</p>,Tecno+,Accesorios y Varios,Accesorios y Varios,"Accesorios y Varios, tecno-plus",TRUE,Title,Default Title,80271,250,shopify,11,deny,manual,40000,46000,TRUE,FALSE,https://www.quorumsystem.com.co/wp-content/uploads/2026/03/ghjm.png,1,active
base-refrigerante-reclinable-bsk-80425,BASE REFRIGERANTE RECLINABLE BSK,<p>BASE REFRIGERANTE RECLINABLE BSK con garantía oficial Tecno+.</p>,Tecno+,Cómputo y Accesorios,Cómputo y Accesorios,"Cómputo y Accesorios, tecno-plus",TRUE,Title,Default Title,80425,250,shopify,4,deny,manual,45000,51750,TRUE,FALSE,https://jaltechsas.com/wp-content/uploads/2024/11/BASE-REFRIGERANTE-RECLINABLE-BSK-B2V_80425_BSK-B2V_2.png,1,active
teclado-inalambrico-bt-2-4-80445,TECLADO INALAMBRICO BT+2.4,<p>TECLADO INALAMBRICO BT+2.4 con garantía oficial Tecno+.</p>,Tecno+,Cómputo y Accesorios,Cómputo y Accesorios,"Cómputo y Accesorios, tecno-plus",TRUE,Title,Default Title,80445,250,shopify,3,deny,manual,70000,80500,TRUE,FALSE,https://exitocol.vtexassets.com/arquivos/ids/29061853/image-8ea255e9fe894360838eb35f95a055a6.jpg?v=638876899441070000,1,active
reloj-inteligente-corn-9002,RELOJ INTELIGENTE CORN,<p>RELOJ INTELIGENTE CORN con garantía oficial Tecno+.</p>,Tecno+,Smartwatch y Relojes,Smartwatch y Relojes,"Smartwatch y Relojes, tecno-plus",TRUE,Title,Default Title,9002,250,shopify,1,deny,manual,160000,184000,TRUE,FALSE,https://www.aravegas.com/wp-content/uploads/2025/07/WhatsApp-Image-2025-09-24-at-12.43.56-PM.jpeg,1,active
reloj-digital-d20-749264,RELOJ DIGITAL D20,<p>RELOJ DIGITAL D20 con garantía oficial Tecno+.</p>,Tecno+,Smartwatch y Relojes,Smartwatch y Relojes,"Smartwatch y Relojes, tecno-plus",TRUE,Title,Default Title,749264,250,shopify,10,deny,manual,70000,80500,TRUE,FALSE,https://cdn.awsli.com.br/2500x2500/2484/2484198/produto/181271710f5dac1392b.jpg,1,active
smartwatch-white-1-83-watch-8-30659,"SMARTWATCH WHITE 1 83"" WATCH 8","<p>SMARTWATCH WHITE 1 83"" WATCH 8 con garantía oficial Tecno+.</p>",Tecno+,Smartwatch y Relojes,Smartwatch y Relojes,"Smartwatch y Relojes, tecno-plus",TRUE,Title,Default Title,30659,250,shopify,3,deny,manual,70000,80500,TRUE,FALSE,"https://jaltechsas.com/wp-content/uploads/2024/08/SMARTWATCH-WHITE-1,83_30659_Watch-8_2.png",1,active
tws-wireles-earbuds-noise-reduction-vs-w02,TWS WIRELES EARBUDS NOISE REDUCTION,<p>TWS WIRELES EARBUDS NOISE REDUCTION con garantía oficial Tecno+.</p>,Tecno+,Accesorios y Varios,Accesorios y Varios,"Accesorios y Varios, tecno-plus",TRUE,Title,Default Title,VS-W02,250,shopify,25,deny,manual,65000,74750,TRUE,FALSE,https://ae01.alicdn.com/kf/S052110fba72843d1a42ded4f7d289d92x/T2-TWS-Wireless-Earphone-Bluetooth-5-3-Headphones-Sport-Gaming-Headsets-Noise-Reduction-Earbuds-Bass-Touch.jpg,1,active
microfono-tipo-c-dock-carga-rc01-30750,MICROFONO TIPO C + DOCK CARGA RC01,<p>MICROFONO TIPO C + DOCK CARGA RC01 con garantía oficial Tecno+.</p>,Tecno+,Accesorios y Varios,Accesorios y Varios,"Accesorios y Varios, tecno-plus",TRUE,Title,Default Title,30750,250,shopify,1,deny,manual,90000,103500,TRUE,FALSE,https://ae01.alicdn.com/kf/S60861061c9604231b2af4863bbb2857cE/Adaptador-de-Audio-de-micr-fono-de-3-5mm-micr-fono-de-Puerto-tipo-c-para.jpg,1,active
audifonos-bluetooth-tws-f9-30572,AUDIFONOS BLUETOOTH TWS F9,<p>AUDIFONOS BLUETOOTH TWS F9 con garantía oficial Tecno+.</p>,Tecno+,Audífonos y Diademas,Audífonos y Diademas,"Audífonos y Diademas, tecno-plus",TRUE,Title,Default Title,30572,250,shopify,2,deny,manual,45000,51750,TRUE,FALSE,https://http2.mlstatic.com/D_NQ_NP_901753-MLV54976761587_042023-O.webp,1,active
microfono-harvic-con-caja-de-carga-mcs-590,MICROFONO HARVIC CON CAJA DE CARGA,<p>MICROFONO HARVIC CON CAJA DE CARGA con garantía oficial Tecno+.</p>,Tecno+,Accesorios y Varios,Accesorios y Varios,"Accesorios y Varios, tecno-plus",TRUE,Title,Default Title,MCS-590,250,shopify,1,deny,manual,140000,161000,TRUE,FALSE,https://harvic.com.co/wp-content/uploads/2023/09/MCS-590-TC-1.webp,1,active
vidvie-audifono-anc-tws-wireless-earbuds-bt884,VIDVIE AUDIFONO ANC TWS Wireless Earbuds,<p>VIDVIE AUDIFONO ANC TWS Wireless Earbuds con garantía oficial Tecno+.</p>,Tecno+,Audífonos y Diademas,Audífonos y Diademas,"Audífonos y Diademas, tecno-plus",TRUE,Title,Default Title,BT884,250,shopify,1,deny,manual,170000,195500,TRUE,FALSE,https://www.vidvie.hk/Uploads/20240518/1716020415861919.png,1,active
vidvie-audifonos-bt-851-true-stereo-bt851,VIDVIE AUDIFONOS BT 851 TRUE STEREO,<p>VIDVIE AUDIFONOS BT 851 TRUE STEREO con garantía oficial Tecno+.</p>,Tecno+,Audífonos y Diademas,Audífonos y Diademas,"Audífonos y Diademas, tecno-plus",TRUE,Title,Default Title,BT851,250,shopify,1,deny,manual,120000,138000,TRUE,FALSE,https://www.vidvie.hk/Uploads/20210130/1611978132737177.jpg,1,active
microfono-tx-de-solapa-tipo-c-f9-tc-30699,MICROFONO TX DE SOLAPA TIPO C F9 TC,<p>MICROFONO TX DE SOLAPA TIPO C F9 TC con garantía oficial Tecno+.</p>,Tecno+,Accesorios y Varios,Accesorios y Varios,"Accesorios y Varios, tecno-plus",TRUE,Title,Default Title,30699,250,shopify,4,deny,manual,80000,92000,TRUE,FALSE,https://jaltechsas.com/wp-content/uploads/2024/09/MICROFONO TX DE SOLAPA TIPO C_30699_F9-TC_2.png?ref=30699,1,active
microfono-kukiho-inalambrico-kuki9,MICROFONO KUKIHO INALAMBRICO,<p>MICROFONO KUKIHO INALAMBRICO con garantía oficial Tecno+.</p>,Tecno+,Accesorios y Varios,Accesorios y Varios,"Accesorios y Varios, tecno-plus",TRUE,Title,Default Title,KUKI9,250,shopify,1,deny,manual,200000,230000,TRUE,FALSE,https://www.speakersincode.com/wp-content/uploads/images/B0DDCLGJ1D.webp,1,active
microfono-k8-para-celular-30518,MICROFONO K8 PARA CELULAR,<p>MICROFONO K8 PARA CELULAR con garantía oficial Tecno+.</p>,Tecno+,Accesorios y Varios,Accesorios y Varios,"Accesorios y Varios, tecno-plus",TRUE,Title,Default Title,30518,250,shopify,2,deny,manual,40000,46000,TRUE,FALSE,https://exitocol.vtexassets.com/arquivos/ids/29053034/image-2a06695903894d7985be2a56b4ca90b8.jpg?v=638876754417130000,1,active
ows-open-clip-ear-wireless-headset-bt870,OWS OPEN CLIP-EAR WIRELESS HEADSET,<p>OWS OPEN CLIP-EAR WIRELESS HEADSET con garantía oficial Tecno+.</p>,Tecno+,Accesorios y Varios,Accesorios y Varios,"Accesorios y Varios, tecno-plus",TRUE,Title,Default Title,BT870,250,shopify,1,deny,manual,130000,149500,TRUE,FALSE,https://www.szcomtang.com/uploads/allimg/20240301/1-2403010U225937.png,1,active
microfono-set-x2-k9-para-celular-k9-30541,MICROFONO SET X2 K9 PARA CELULAR K9,<p>MICROFONO SET X2 K9 PARA CELULAR K9 con garantía oficial Tecno+.</p>,Tecno+,Accesorios y Varios,Accesorios y Varios,"Accesorios y Varios, tecno-plus",TRUE,Title,Default Title,30541,250,shopify,1,deny,manual,60000,69000,TRUE,FALSE,https://cambiosystem.com/wp-content/uploads/2023/11/Microfonos-Set-X2-K9-Para-Celular1-500x500.png,1,active
combo-extreme-smart-band-audifonos-11572,COMBO EXTREME SMART BAND + AUDIFONOS,<p>COMBO EXTREME SMART BAND + AUDIFONOS con garantía oficial Tecno+.</p>,Tecno+,Audífonos y Diademas,Audífonos y Diademas,"Audífonos y Diademas, tecno-plus",TRUE,Title,Default Title,11572,250,shopify,1,deny,manual,60000,69000,TRUE,FALSE,https://cdnx.jumpseller.com/locuradeofertas-com/image/24899129/SUPER_COMBO_Smartband_manilla_inteligente_M5___audifonos_deportivos_bluetooth_magneticos_usalos_juntos_.jpg?1654533737,1,active
audifonos-a6s-true-67,AUDIFONOS A6S TRUE,<p>AUDIFONOS A6S TRUE con garantía oficial Tecno+.</p>,Tecno+,Audífonos y Diademas,Audífonos y Diademas,"Audífonos y Diademas, tecno-plus",TRUE,Title,Default Title,67,250,shopify,1,deny,manual,65000,74750,TRUE,FALSE,https://http2.mlstatic.com/D_NQ_NP_792094-MLA87234225039_072025-O.webp,1,active
audifonos-apple-earpods-plug-63,AUDIFONOS APPLE EARPODS PLUG,<p>AUDIFONOS APPLE EARPODS PLUG con garantía oficial Tecno+.</p>,Tecno+,Audífonos y Diademas,Audífonos y Diademas,"Audífonos y Diademas, tecno-plus",TRUE,Title,Default Title,63,250,shopify,2,deny,manual,45000,51750,TRUE,FALSE,https://futuryshop.com/wp-content/uploads/2024/04/WhatsApp-Image-2023-03-26-at-12.07.55-AM-2.jpeg,1,active
jaltech-parlente-usb-11116,JALTECH PARLENTE USB,<p>JALTECH PARLENTE USB con garantía oficial Tecno+.</p>,Tecno+,Cómputo y Accesorios,Cómputo y Accesorios,"Cómputo y Accesorios, tecno-plus",TRUE,Title,Default Title,11116,250,shopify,2,deny,manual,60000,69000,TRUE,FALSE,https://cambiosystem.com/wp-content/uploads/2023/11/Speakers-Usb-Rgb-Pc-K8.png,1,active
parlantes-usb-pc-prime-ft-2058-11766,PARLANTES USB PC PRIME FT-2058,<p>PARLANTES USB PC PRIME FT-2058 con garantía oficial Tecno+.</p>,Tecno+,Sonido y Audio,Sonido y Audio,"Sonido y Audio, tecno-plus",TRUE,Title,Default Title,11766,250,shopify,1,deny,manual,70000,80500,TRUE,FALSE,https://http2.mlstatic.com/D_NQ_NP_792880-MLU76048642435_042024-O.webp,1,active
altavoces-estereo-versatiles-multimedia-e-1303,ALTAVOCES ESTEREO VERSATILES MULTIMEDIA,<p>ALTAVOCES ESTEREO VERSATILES MULTIMEDIA con garantía oficial Tecno+.</p>,Tecno+,Accesorios y Varios,Accesorios y Varios,"Accesorios y Varios, tecno-plus",TRUE,Title,Default Title,E-1303,250,shopify,2,deny,manual,70000,80500,TRUE,FALSE,https://www.futurainformatica.com.py/images/upload/products_91/f89d4290969743d6f80e1bb8f621e346.jpg,1,active
usb-2-0-multimedia-portable-speaker-m600-consmo-m600,USB 2.0 MULTIMEDIA PORTABLE SPEAKER M600 CONSMO,<p>USB 2.0 MULTIMEDIA PORTABLE SPEAKER M600 CONSMO con garantía oficial Tecno+.</p>,Tecno+,Sonido y Audio,Sonido y Audio,"Sonido y Audio, tecno-plus",TRUE,Title,Default Title,M600,250,shopify,1,deny,manual,30000,34500,TRUE,FALSE,https://megadeals.lk/wp-content/uploads/2026/04/ChatGPT-Image-Apr-21-2026-06_28_30-PM-1200x1200.png,1,active
radio-solar-charge-ns-8878,RADIO SOLAR CHARGE,<p>RADIO SOLAR CHARGE con garantía oficial Tecno+.</p>,Tecno+,Accesorios y Varios,Accesorios y Varios,"Accesorios y Varios, tecno-plus",TRUE,Title,Default Title,NS-8878,250,shopify,1,deny,manual,55000,63250,TRUE,FALSE,https://www.comprasin.com/wp-content/uploads/2025/02/Radio-Portatil-Solar-NS-8877-8.png,1,active
hub-usb-tipo-c-x4-11047,HUB USB TIPO C X4,<p>HUB USB TIPO C X4 con garantía oficial Tecno+.</p>,Tecno+,Cómputo y Accesorios,Cómputo y Accesorios,"Cómputo y Accesorios, tecno-plus",TRUE,Title,Default Title,11047,250,shopify,6,deny,manual,25000,28750,TRUE,FALSE,https://basevirtual.com.co/wp-content/uploads/2025/06/HUB-USB-TIPO-C-11047-TIENDA-BASE-VIRTUAL.png,1,active
web-cam-hd-720-11050,WEB CAM HD 720,<p>WEB CAM HD 720 con garantía oficial Tecno+.</p>,Tecno+,Accesorios y Varios,Accesorios y Varios,"Accesorios y Varios, tecno-plus",TRUE,Title,Default Title,11050,250,shopify,2,deny,manual,80000,92000,TRUE,FALSE,https://luegopagocdn.azureedge.net/content-process/products-images/prod/2926/a9539485-7355-45ed-83f8-c2696db0c26c.webp,1,active
cargador-c-c-single-type-c-fast-wall-charger-25w-vs-a13c&c,CARGADOR C-C SINGLE TYPE-C FAST WALL CHARGER 25W,<p>CARGADOR C-C SINGLE TYPE-C FAST WALL CHARGER 25W con garantía oficial Tecno+.</p>,Tecno+,Cargadores y Energía,Cargadores y Energía,"Cargadores y Energía, tecno-plus",TRUE,Title,Default Title,VS-A13C&C,250,shopify,20,deny,manual,40000,46000,TRUE,FALSE,https://m.media-amazon.com/images/I/61WXMgUxzdL._AC_.jpg,1,active
single-type-c-gan-charger-30w-cargador-c-lightnig-vs-a16c&i,SINGLE TYPE-C GAN CHARGER 30W CARGADOR C-LIGHTNIG,<p>SINGLE TYPE-C GAN CHARGER 30W CARGADOR C-LIGHTNIG con garantía oficial Tecno+.</p>,Tecno+,Cargadores y Energía,Cargadores y Energía,"Cargadores y Energía, tecno-plus",TRUE,Title,Default Title,VS-A16C&i,250,shopify,17,deny,manual,60000,69000,TRUE,FALSE,https://www.stf.tech/cdn/shop/files/5-STF_0109_1000x1000_Infografias-ST-P77170-1.jpg?v=1760634616,1,active
cargador-single-usb-fast-wall-charger-22w-usb-c-vs-a12t,CARGADOR SINGLE USB FAST WALL CHARGER 22W USB-C,<p>CARGADOR SINGLE USB FAST WALL CHARGER 22W USB-C con garantía oficial Tecno+.</p>,Tecno+,Cargadores y Energía,Cargadores y Energía,"Cargadores y Energía, tecno-plus",TRUE,Title,Default Title,VS-A12T,250,shopify,20,deny,manual,30000,34500,TRUE,FALSE,https://i5.walmartimages.com/seo/Original-Samsung-Galaxy-A12-Super-Fast-Charging-Block-2-Pack-25W-Wall-Charger-USB-C-Adapters-Cable-Not-Included-Black_63bbde9c-9c11-4b55-9985-82b1628fbb26.bba6a6e082ec51bc366d2b59f6b7b001.jpeg,1,active
cubo-samsung-25w-original-nb-009,CUBO SAMSUNG 25W ORIGINAL,<p>CUBO SAMSUNG 25W ORIGINAL con garantía oficial Tecno+.</p>,Tecno+,Accesorios y Varios,Accesorios y Varios,"Accesorios y Varios, tecno-plus",TRUE,Title,Default Title,NB-009,250,shopify,2,deny,manual,50000,57500,TRUE,FALSE,https://rimage.ripley.com.pe/home.ripley/Attachment/MKP/1498/PMP20000106168/full_image-1.jpeg,1,active
cargador-gta-v8-hc-201 v8,CARGADOR GTA V8,<p>CARGADOR GTA V8 con garantía oficial Tecno+.</p>,Tecno+,Cargadores y Energía,Cargadores y Energía,"Cargadores y Energía, tecno-plus",TRUE,Title,Default Title,HC-201 V8,250,shopify,2,deny,manual,20000,23000,TRUE,FALSE,https://http2.mlstatic.com/D_NQ_NP_819470-MLM54292512636_032023-O.webp,1,active
type-c-to-lighthing-data-cable-vidvie-20w-cb477,TYPE -C TO LIGHTHING DATA CABLE VIDVIE 20W,<p>TYPE -C TO LIGHTHING DATA CABLE VIDVIE 20W con garantía oficial Tecno+.</p>,Tecno+,Cables y Conectividad,Cables y Conectividad,"Cables y Conectividad, tecno-plus",TRUE,Title,Default Title,CB477,250,shopify,4,deny,manual,25000,28750,TRUE,FALSE,https://www.i-techcenter.co.uk/wp-content/uploads/2022/10/cable-vidvie-cb477-type-clightning-1m-grey-4-700x700.jpg,1,active
cargadores-motorola-turbo-125-duo-9008,CARGADORES MOTOROLA TURBO 125 DUO,<p>CARGADORES MOTOROLA TURBO 125 DUO con garantía oficial Tecno+.</p>,Tecno+,Cargadores y Energía,Cargadores y Energía,"Cargadores y Energía, tecno-plus",TRUE,Title,Default Title,9008,250,shopify,1,deny,manual,40000,46000,TRUE,FALSE,https://cdn.v2.tiendanegocio.com/gallery/20736/img_20736_193b4897e5f.png,1,active
cargador-motorola-x8-38w-9005,CARGADOR MOTOROLA X8 38W,<p>CARGADOR MOTOROLA X8 38W con garantía oficial Tecno+.</p>,Tecno+,Cargadores y Energía,Cargadores y Energía,"Cargadores y Energía, tecno-plus",TRUE,Title,Default Title,9005,250,shopify,2,deny,manual,25000,28750,TRUE,FALSE,https://exitocol.vtexassets.com/arquivos/ids/24479088/cargador-motorola-turbo-power-38w-cable-tipo-c-carga-rapida.jpg?v=638612363310600000,1,active
cargadores-samsung-galaxy-note-9-9006,CARGADORES SAMSUNG GALAXY NOTE 9,<p>CARGADORES SAMSUNG GALAXY NOTE 9 con garantía oficial Tecno+.</p>,Tecno+,Cargadores y Energía,Cargadores y Energía,"Cargadores y Energía, tecno-plus",TRUE,Title,Default Title,9006,250,shopify,1,deny,manual,25000,28750,TRUE,FALSE,https://images.mobilefun.co.uk/graphics/450pixelp/68890.jpg,1,active
cable-vidvie-type-c-to-lightning-2-4-a-cb460,CABLE VIDVIE TYPE-C TO LIGHTNING (2.4 A),<p>CABLE VIDVIE TYPE-C TO LIGHTNING (2.4 A) con garantía oficial Tecno+.</p>,Tecno+,Cables y Conectividad,Cables y Conectividad,"Cables y Conectividad, tecno-plus",TRUE,Title,Default Title,CB460,250,shopify,3,deny,manual,50000,57500,TRUE,FALSE,https://www.imobile.co.uk/assets/images/products/imobilestores-2325-6174-21564-1704370123-0195.webp,1,active
adaptador-iphone-a-audio-al1125,ADAPTADOR IPHONE A AUDIO,<p>ADAPTADOR IPHONE A AUDIO con garantía oficial Tecno+.</p>,Tecno+,Sonido y Audio,Sonido y Audio,"Sonido y Audio, tecno-plus",TRUE,Title,Default Title,AL1125,250,shopify,1,deny,manual,45000,51750,TRUE,FALSE,https://http2.mlstatic.com/D_NQ_NP_933300-MLC78569733631_082024-O.webp,1,active
type-c-to-3-5mm-audio-adapter-al1124,TYPE-C TO 3.5MM AUDIO ADAPTER,<p>TYPE-C TO 3.5MM AUDIO ADAPTER con garantía oficial Tecno+.</p>,Tecno+,Sonido y Audio,Sonido y Audio,"Sonido y Audio, tecno-plus",TRUE,Title,Default Title,AL1124,250,shopify,1,deny,manual,45000,51750,TRUE,FALSE,https://d3e54emdgoy1fq.cloudfront.net/uploads/product/image/440576/large_f1d76-PrimeCables-PC-Cab-CTOAUM-USB-Type-C-Type-C-to-3-5-mm-Audio-Aux-Jack-Adapter-Male-to-Male-4-Pole-Audio-Cable-PrimeCables-.jpg,1,active
type-c-to-for-ip-data-cable-cb4024c&i,TYPE-C TO FOR IP DATA CABLE,<p>TYPE-C TO FOR IP DATA CABLE con garantía oficial Tecno+.</p>,Tecno+,Cables y Conectividad,Cables y Conectividad,"Cables y Conectividad, tecno-plus",TRUE,Title,Default Title,CB4024C&i,250,shopify,4,deny,manual,35000,40250,TRUE,FALSE,https://www.vidvie.hk/Uploads/2024-05-29/6656eded94891.png,1,active
lighthing-3-5mm-aux-cable-al1112,LIGHTHING & 3.5MM AUX CABLE,<p>LIGHTHING & 3.5MM AUX CABLE con garantía oficial Tecno+.</p>,Tecno+,Cables y Conectividad,Cables y Conectividad,"Cables y Conectividad, tecno-plus",TRUE,Title,Default Title,AL1112,250,shopify,3,deny,manual,35000,40250,TRUE,FALSE,https://www.vidvie.hk/Uploads/20230112/1673510496556977.jpg,1,active
type-c-3-5mm-aux-cable-al1111,TYPE-C 3.5MM AUX CABLE,<p>TYPE-C 3.5MM AUX CABLE con garantía oficial Tecno+.</p>,Tecno+,Cables y Conectividad,Cables y Conectividad,"Cables y Conectividad, tecno-plus",TRUE,Title,Default Title,AL1111,250,shopify,2,deny,manual,24000,27600,TRUE,FALSE,https://www.vidvie.hk/Uploads/20230112/1673510320628131.jpg,1,active
type-c-to-ip-fast-charging-data-cable-vs-b04t-i,TYPE-C TO IP FAST CHARGING DATA CABLE,<p>TYPE-C TO IP FAST CHARGING DATA CABLE con garantía oficial Tecno+.</p>,Tecno+,Cables y Conectividad,Cables y Conectividad,"Cables y Conectividad, tecno-plus",TRUE,Title,Default Title,VS-B04t-i,250,shopify,5,deny,manual,15000,17250,TRUE,FALSE,https://ae01.alicdn.com/kf/S1f038f8851e541698a25c5d6234e1151X.jpg,1,active
vidvie-cable-tipo-c-2-4a-cb491t,VIDVIE CABLE TIPO C 2.4A,<p>VIDVIE CABLE TIPO C 2.4A con garantía oficial Tecno+.</p>,Tecno+,Cables y Conectividad,Cables y Conectividad,"Cables y Conectividad, tecno-plus",TRUE,Title,Default Title,CB491T,250,shopify,4,deny,manual,18000,20700,TRUE,FALSE,https://vidvie.hk/Uploads/20210128/1611824390534466.jpg,1,active
cubos-fly-energy-2-4-a-9012,CUBOS FLY ENERGY 2.4 A,<p>CUBOS FLY ENERGY 2.4 A con garantía oficial Tecno+.</p>,Tecno+,Accesorios y Varios,Accesorios y Varios,"Accesorios y Varios, tecno-plus",TRUE,Title,Default Title,9012,250,shopify,1,deny,manual,15000,17250,TRUE,FALSE,https://http2.mlstatic.com/D_NQ_NP_971927-MLB68905950633_042023-O-cubo-cassete-fly-magneto-cr-mo.webp,1,active
cargadores-xiaomi-38w-9a-9011,CARGADORES XIAOMI 38W 9A,<p>CARGADORES XIAOMI 38W 9A con garantía oficial Tecno+.</p>,Tecno+,Cargadores y Energía,Cargadores y Energía,"Cargadores y Energía, tecno-plus",TRUE,Title,Default Title,9011,250,shopify,1,deny,manual,35000,40250,TRUE,FALSE,https://luegopagocdn.azureedge.net/content-process/products-images/prod/3019/576fb243-401f-461a-8db2-4e5c08e304bd.webp,1,active
vidvie-cable-usb-a-tipo-c-qd21t,VIDVIE CABLE USB A TIPO C,<p>VIDVIE CABLE USB A TIPO C con garantía oficial Tecno+.</p>,Tecno+,Cables y Conectividad,Cables y Conectividad,"Cables y Conectividad, tecno-plus",TRUE,Title,Default Title,QD21T,250,shopify,2,deny,manual,18000,20700,TRUE,FALSE,https://fiestalan.cl/wp-content/uploads/2023/11/Sin-titulo-1-2-1.jpg,1,active
vidvie-cable-usb-a-lighting-qd03i,VIDVIE CABLE USB A LIGHTING,<p>VIDVIE CABLE USB A LIGHTING con garantía oficial Tecno+.</p>,Tecno+,Cables y Conectividad,Cables y Conectividad,"Cables y Conectividad, tecno-plus",TRUE,Title,Default Title,QD03i,250,shopify,2,deny,manual,20000,23000,TRUE,FALSE,https://http2.mlstatic.com/D_NQ_NP_695100-MLU78156716483_082024-O.webp,1,active
cargador-motorola-50w-9010,CARGADOR MOTOROLA 50W,<p>CARGADOR MOTOROLA 50W con garantía oficial Tecno+.</p>,Tecno+,Cargadores y Energía,Cargadores y Energía,"Cargadores y Energía, tecno-plus",TRUE,Title,Default Title,9010,250,shopify,1,deny,manual,50000,57500,TRUE,FALSE,https://www.alltechno.com.ar/wp-content/uploads/2023/07/Cargador-motorola-50w-1-1024x1024.png,1,active
cable-usb-a-tipo-c-trenzado-1m-jal-a13-30627,CABLE USB A TIPO C TRENZADO 1M JAL A13,<p>CABLE USB A TIPO C TRENZADO 1M JAL A13 con garantía oficial Tecno+.</p>,Tecno+,Cables y Conectividad,Cables y Conectividad,"Cables y Conectividad, tecno-plus",TRUE,Title,Default Title,30627,250,shopify,9,deny,manual,25000,28750,TRUE,FALSE,https://easycolombia.vtexassets.com/arquivos/ids/270659/image-ec7d54c421624d93a7ae63e5382ef436.jpg?v=638984878878600000,1,active
cable-tipo-c-a-tipo-trenzado-1m-jal-30628,CABLE TIPO C A TIPO TRENZADO 1M JAL,<p>CABLE TIPO C A TIPO TRENZADO 1M JAL con garantía oficial Tecno+.</p>,Tecno+,Cables y Conectividad,Cables y Conectividad,"Cables y Conectividad, tecno-plus",TRUE,Title,Default Title,30628,250,shopify,4,deny,manual,25000,28750,TRUE,FALSE,https://cambiosystem.com/wp-content/uploads/2024/09/Cable-Tipo-C-A-Tipo-C-Trenzado-1-M-Jaltech.png,1,active
cable-tipo-c-a-tipo-c-trenzado-2m-jal-30630,CABLE TIPO C A TIPO C TRENZADO 2M JAL,<p>CABLE TIPO C A TIPO C TRENZADO 2M JAL con garantía oficial Tecno+.</p>,Tecno+,Cables y Conectividad,Cables y Conectividad,"Cables y Conectividad, tecno-plus",TRUE,Title,Default Title,30630,250,shopify,13,deny,manual,25000,28750,TRUE,FALSE,https://www.mantis-store.com/wp-content/uploads/2026/03/Trenzado-C-C-Cables-Ctlg-web-01.png,1,active
cable-usb-a-tipo-c-trenzado-2m-jal-13-30629,CABLE USB A TIPO C TRENZADO 2M JAL 13,<p>CABLE USB A TIPO C TRENZADO 2M JAL 13 con garantía oficial Tecno+.</p>,Tecno+,Cables y Conectividad,Cables y Conectividad,"Cables y Conectividad, tecno-plus",TRUE,Title,Default Title,30629,250,shopify,11,deny,manual,25000,28750,TRUE,FALSE,https://tu360compras.bancolombia.com/508117-medium_default/cable-usb-a-tipo-c-trenzado-2m-jal-13-jaltech-30629.jpg,1,active
cable-usb-a-tpo-c-1m-jal06-30615,CABLE USB A TPO C 1M JAL06,<p>CABLE USB A TPO C 1M JAL06 con garantía oficial Tecno+.</p>,Tecno+,Cables y Conectividad,Cables y Conectividad,"Cables y Conectividad, tecno-plus",TRUE,Title,Default Title,30615,250,shopify,7,deny,manual,15000,17250,TRUE,FALSE,https://cambiosystem.com/wp-content/uploads/2024/09/Cable-Usb-A-Tipo-C-1m-Jal-06-Negro-2.png,1,active
audifonos-cable-3-5mm-jal-47b-30655,AUDIFONOS CABLE 3.5MM JAL 47B,<p>AUDIFONOS CABLE 3.5MM JAL 47B con garantía oficial Tecno+.</p>,Tecno+,Cables y Conectividad,Cables y Conectividad,"Cables y Conectividad, tecno-plus",TRUE,Title,Default Title,30655,250,shopify,14,deny,manual,15000,17250,TRUE,FALSE,https://jaltechsas.com/wp-content/uploads/2024/07/AUDIFONOS-CABLE-3.5MM-JAL-47B_30655_JAL-47B_2.png,1,active
power-bank-magsafe-10000-mah-color-negro-30709,POWER BANK MAGSAFE 10000 mAh color negro,<p>POWER BANK MAGSAFE 10000 mAh color negro con garantía oficial Tecno+.</p>,Tecno+,Cargadores y Energía,Cargadores y Energía,"Cargadores y Energía, tecno-plus",TRUE,Title,Default Title,30709,250,shopify,2,deny,manual,160000,184000,TRUE,FALSE,https://jaltechsas.com/wp-content/uploads/2025/05/POWER-BANK-MAGSAFE-10000-mAh_30709_JAL-01MAG_3.png,1,active
audifonos-cable-3-5mm-jal-47-30609,AUDIFONOS CABLE 3.5MM JAL 47,<p>AUDIFONOS CABLE 3.5MM JAL 47 con garantía oficial Tecno+.</p>,Tecno+,Cables y Conectividad,Cables y Conectividad,"Cables y Conectividad, tecno-plus",TRUE,Title,Default Title,30609,250,shopify,11,deny,manual,15000,17250,TRUE,FALSE,https://jaltechsas.com/wp-content/uploads/2024/09/AUDIFONOS-CABLE-3.5MM-JAL-47_30609_JAL-47_1-768x768.png,1,active
audifonos-stereo-tipo-c-jal-h65b-30669,AUDIFONOS STEREO TIPO C JAL H65B,<p>AUDIFONOS STEREO TIPO C JAL H65B con garantía oficial Tecno+.</p>,Tecno+,Audífonos y Diademas,Audífonos y Diademas,"Audífonos y Diademas, tecno-plus",TRUE,Title,Default Title,30669,250,shopify,7,deny,manual,28000,32200,TRUE,FALSE,https://jaltechsas.com/wp-content/uploads/2024/10/AUDIFONOS-STEREO-TIPO-C-JAL-H65B_30669_JAL-H65B_2.png,1,active
carcasa-macbook-m3-pro-14-2-89,"CARCASA MACBOOK M3 PRO 14.2""","<p>CARCASA MACBOOK M3 PRO 14.2"" con garantía oficial Tecno+.</p>",Tecno+,Accesorios y Varios,Accesorios y Varios,"Accesorios y Varios, tecno-plus",TRUE,Title,Default Title,89,250,shopify,3,deny,manual,80000,92000,TRUE,FALSE,https://rimage.ripley.cl/home.ripley/Attachment/MKP/8420/MPM10001313830/full_image-1.webp,1,active
carcasa-macbook-m2-air-13-6-90,"CARCASA MACBOOK M2 AIR 13.6""","<p>CARCASA MACBOOK M2 AIR 13.6"" con garantía oficial Tecno+.</p>",Tecno+,Accesorios y Varios,Accesorios y Varios,"Accesorios y Varios, tecno-plus",TRUE,Title,Default Title,90,250,shopify,2,deny,manual,80000,92000,TRUE,FALSE,https://exitocol.vtexassets.com/arquivos/ids/22888758/carcasa-case-protector-para-macbook-air-m2-136-a2681-black.jpg?v=638519878488800000,1,active
carcasa-macbook-m2-pro-13-3-91,"CARCASA MACBOOK M2 PRO 13.3""","<p>CARCASA MACBOOK M2 PRO 13.3"" con garantía oficial Tecno+.</p>",Tecno+,Accesorios y Varios,Accesorios y Varios,"Accesorios y Varios, tecno-plus",TRUE,Title,Default Title,91,250,shopify,1,deny,manual,80000,92000,TRUE,FALSE,https://ishopmx.vtexassets.com/arquivos/ids/287018/840168528110_2.jpg?v=638348882453570000,1,active
control-de-play-3-cable-11628,CONTROL DE PLAY 3 CABLE,<p>CONTROL DE PLAY 3 CABLE con garantía oficial Tecno+.</p>,Tecno+,Cables y Conectividad,Cables y Conectividad,"Cables y Conectividad, tecno-plus",TRUE,Title,Default Title,11628,250,shopify,2,deny,manual,55000,63250,TRUE,FALSE,https://cambiosystem.com/wp-content/uploads/2026/03/Control-De-Play-3-Cable-Gt-Ps3-11628-2.png,1,active
control-sony-ps3-92,CONTROL SONY PS3,<p>CONTROL SONY PS3 con garantía oficial Tecno+.</p>,Tecno+,Accesorios y Varios,Accesorios y Varios,"Accesorios y Varios, tecno-plus",TRUE,Title,Default Title,92,250,shopify,2,deny,manual,100000,115000,TRUE,FALSE,https://museumgames.com.ar/wp-content/uploads/2023/07/1000095902.jpg,1,active
aro-de-luz-26-cm-led-tripode-2-1-mtrs-30556,ARO DE LUZ 26 CM LED + TRIPODE 2.1 MTRS,<p>ARO DE LUZ 26 CM LED + TRIPODE 2.1 MTRS con garantía oficial Tecno+.</p>,Tecno+,Accesorios y Varios,Accesorios y Varios,"Accesorios y Varios, tecno-plus",TRUE,Title,Default Title,30556,250,shopify,1,deny,manual,55000,63250,TRUE,FALSE,https://losnovedosos.com/wp-content/uploads/2025/08/4960842640727846808.jpg,1,active
teclado-mini-numeric-cable-usb-1136100,TECLADO MINI NUMERIC CABLE USB,<p>TECLADO MINI NUMERIC CABLE USB con garantía oficial Tecno+.</p>,Tecno+,Cables y Conectividad,Cables y Conectividad,"Cables y Conectividad, tecno-plus",TRUE,Title,Default Title,1136100,250,shopify,7,deny,manual,40000,46000,TRUE,FALSE,https://http2.mlstatic.com/D_NQ_NP_821611-CBT81335908920_122024-O.webp,1,active
teclado-numerico-inalambrico-lh042-1123700,TECLADO NUMERICO INALAMBRICO LH042,<p>TECLADO NUMERICO INALAMBRICO LH042 con garantía oficial Tecno+.</p>,Tecno+,Cómputo y Accesorios,Cómputo y Accesorios,"Cómputo y Accesorios, tecno-plus",TRUE,Title,Default Title,1123700,250,shopify,8,deny,manual,55000,63250,TRUE,FALSE,https://cambiosystem.com/wp-content/uploads/2023/11/teclado-numerico-inalambrico_11237_lh042_1.jpg,1,active
wireless-n-router-300mbps-tp-link-tl-wr850n,WIRELESS N ROUTER 300Mbps TP-LINK,<p>WIRELESS N ROUTER 300Mbps TP-LINK con garantía oficial Tecno+.</p>,Tecno+,Accesorios y Varios,Accesorios y Varios,"Accesorios y Varios, tecno-plus",TRUE,Title,Default Title,TL-WR850N,250,shopify,1,deny,manual,105000,120750,TRUE,FALSE,https://www.shiftdigital.com.ar/images/Tp-Link Router TL-WR850N ISP 1.jpg?osCsid=0f7ed6b6e8cf4139281fc30fd76c94b5,1,active
membrana-14-kp01-jaltech-10233,"MEMBRANA 14"" KP01 JALTECH","<p>MEMBRANA 14"" KP01 JALTECH con garantía oficial Tecno+.</p>",Tecno+,Accesorios y Varios,Accesorios y Varios,"Accesorios y Varios, tecno-plus",TRUE,Title,Default Title,10233,250,shopify,5,deny,manual,10000,11500,TRUE,FALSE,https://http2.mlstatic.com/D_NQ_NP_724077-MCO48306355880_112021-O.jpg,1,active
membranas-14-pulgadas-notebook-9017,MEMBRANAS 14 PULGADAS NOTEBOOK,<p>MEMBRANAS 14 PULGADAS NOTEBOOK con garantía oficial Tecno+.</p>,Tecno+,Accesorios y Varios,Accesorios y Varios,"Accesorios y Varios, tecno-plus",TRUE,Title,Default Title,9017,250,shopify,6,deny,manual,15000,17250,TRUE,FALSE,https://digitalstore.com.co/wp-content/uploads/2025/05/0205.jpg,1,active
membrana-10-pulgadas-notebook-9018,MEMBRANA 10 PULGADAS NOTEBOOK,<p>MEMBRANA 10 PULGADAS NOTEBOOK con garantía oficial Tecno+.</p>,Tecno+,Accesorios y Varios,Accesorios y Varios,"Accesorios y Varios, tecno-plus",TRUE,Title,Default Title,9018,250,shopify,1,deny,manual,5000,5750,TRUE,FALSE,https://digitalmtx.com/wp-content/uploads/Pantalla-Portatil-10-1-Pulgadas-Brillante-40Pines-1004-1.webp,1,active
membrana-15-pulgadas-artwork-9016,MEMBRANA 15 PULGADAS ARTWORK,<p>MEMBRANA 15 PULGADAS ARTWORK con garantía oficial Tecno+.</p>,Tecno+,Accesorios y Varios,Accesorios y Varios,"Accesorios y Varios, tecno-plus",TRUE,Title,Default Title,9016,250,shopify,1,deny,manual,10000,11500,TRUE,FALSE,https://c.cdnmp.net/782903413/p/m/4/membrana-fpo-sarnafil-t-66-15d-ral-9016~6584.jpg,1,active
carg-compatible-con-hacer-19-v-2-15a-80174,CARG COMPATIBLE CON HACER 19.V 2.15A,<p>CARG COMPATIBLE CON HACER 19.V 2.15A con garantía oficial Tecno+.</p>,Tecno+,Accesorios y Varios,Accesorios y Varios,"Accesorios y Varios, tecno-plus",TRUE,Title,Default Title,80174,250,shopify,2,deny,manual,50000,57500,TRUE,FALSE,https://http2.mlstatic.com/D_NQ_NP_746814-CBT75778885696_042024-O.webp,1,active
router-inalambrico-multimodo-2-antenas-n300-mbps-mercusys-mw,ROUTER INALAMBRICO MULTIMODO 2 ANTENAS N300 MBPS MERCUSYS,<p>ROUTER INALAMBRICO MULTIMODO 2 ANTENAS N300 MBPS MERCUSYS con garantía oficial Tecno+.</p>,Tecno+,Accesorios y Varios,Accesorios y Varios,"Accesorios y Varios, tecno-plus",TRUE,Title,Default Title,MW302R,250,shopify,1,deny,manual,90000,103500,TRUE,FALSE,https://tecnomarketperu.com/235-superlarge_default/mercusys-mw302r-router-300mbps-n-multimodo-2-antenas.jpg,1,active
lenovo-k3-pro-thinkplus-2024-12,LENOVO K3 PRO THINKPLUS,<p>LENOVO K3 PRO THINKPLUS con garantía oficial Tecno+.</p>,Tecno+,Accesorios y Varios,Accesorios y Varios,"Accesorios y Varios, tecno-plus",TRUE,Title,Default Title,2024-12,250,shopify,1,deny,manual,75000,86250,TRUE,FALSE,https://cdn.aukro.cz/images/sk1696937572920/original-lenovo-thinkplus-k3-pro-venkovni-prenosny-reproduktor-173028909.jpeg,1,active
caja-sata-3-5-usb-3-0-11350,"CAJA SATA 3.5""-USB 3.0","<p>CAJA SATA 3.5""-USB 3.0 con garantía oficial Tecno+.</p>",Tecno+,Cómputo y Accesorios,Cómputo y Accesorios,"Cómputo y Accesorios, tecno-plus",TRUE,Title,Default Title,11350,250,shopify,2,deny,manual,140000,161000,TRUE,FALSE,https://jaltechsas.com/wp-content/uploads/2023/07/CAJA-SATA-3.5-USB-3.0_11350_JAL-3.5_3.png,1,active
projector-multimedia-ultra-hd-model-f100-69683857920,PROJECTOR MULTIMEDIA ULTRA HD MODEL:F100,<p>PROJECTOR MULTIMEDIA ULTRA HD MODEL:F100 con garantía oficial Tecno+.</p>,Tecno+,Accesorios y Varios,Accesorios y Varios,"Accesorios y Varios, tecno-plus",TRUE,Title,Default Title,69683857920,250,shopify,1,deny,manual,220000,253000,TRUE,FALSE,https://www.wilko.com/assets/bWFzdGVyfGltYWdlc3wxODgwODZ8aW1hZ2UvanBlZ3xoYjAvaDc1Lzk2MDU5NTYwMTAwMTQvMDY0MTQxM181LmpwZ3xjY2FlYjExZWE3MjM5MzNiYTQ1MzY2ZmZiNDk1OGYxOTRmM2I2ZjZjYTY4MmM4ZmRhMGY2YjA4MWU5ZDgzMmI2/0641413-5.jpg,1,active
dual-band-gigabit-wifi-6-router-tenda-tx2,DUAL BAND GIGABIT WIFI 6 ROUTER TENDA,<p>DUAL BAND GIGABIT WIFI 6 ROUTER TENDA con garantía oficial Tecno+.</p>,Tecno+,Accesorios y Varios,Accesorios y Varios,"Accesorios y Varios, tecno-plus",TRUE,Title,Default Title,TX2,250,shopify,1,deny,manual,300000,345000,TRUE,FALSE,https://www.hdcompany.pe/uploads/TENDA-TX2-Dual-Band-Gigabit-Wi-Fi-6-Router-05102023140017.png,1,active
lexa-cargador-acer-19v-2-37a-12115,LEXA CARGADOR ACER 19V-2.37A,<p>LEXA CARGADOR ACER 19V-2.37A con garantía oficial Tecno+.</p>,Tecno+,Cargadores y Energía,Cargadores y Energía,"Cargadores y Energía, tecno-plus",TRUE,Title,Default Title,12115,250,shopify,1,deny,manual,65000,74750,TRUE,FALSE,https://http2.mlstatic.com/D_NQ_NP_782199-MLV54730597824_032023-O.webp,1,active
adaptador-pos-jaltech-apjt1-40023,ADAPTADOR POS JALTECH APJT1,<p>ADAPTADOR POS JALTECH APJT1 con garantía oficial Tecno+.</p>,Tecno+,POS y Oficina,POS y Oficina,"POS y Oficina, tecno-plus",TRUE,Title,Default Title,40023,250,shopify,4,deny,manual,80000,92000,TRUE,FALSE,https://jaltechsas.com/wp-content/uploads/2019/05/ADAPTADOR POS JALTECH_40023_APJT1_1-600x600.png,1,active
traductor-inteligente-de-idiomas-g6-25a018-g6-25a018,TRADUCTOR INTELIGENTE DE IDIOMAS G6 25A018,<p>TRADUCTOR INTELIGENTE DE IDIOMAS G6 25A018 con garantía oficial Tecno+.</p>,Tecno+,Accesorios y Varios,Accesorios y Varios,"Accesorios y Varios, tecno-plus",TRUE,Title,Default Title,G6-25A018,250,shopify,1,deny,manual,200000,230000,TRUE,FALSE,https://ae01.alicdn.com/kf/H0ea6c8d8b1524607bc277bf4340079f2o.jpg,1,active
j-r-psu-plus-780w-psu-008,J&R PSU PLUS 780W,<p>J&R PSU PLUS 780W con garantía oficial Tecno+.</p>,Tecno+,Accesorios y Varios,Accesorios y Varios,"Accesorios y Varios, tecno-plus",TRUE,Title,Default Title,PSU-008,250,shopify,1,deny,manual,95000,109250,TRUE,FALSE,https://www.quorumsystem.com.co/wp-content/uploads/2023/09/D_NQ_NP_688233-MCO71155299126_082023-O-1.png,1,active
microfono-de-cable-valemi-vm-1017,MICROFONO DE CABLE VALEMI,<p>MICROFONO DE CABLE VALEMI con garantía oficial Tecno+.</p>,Tecno+,Cables y Conectividad,Cables y Conectividad,"Cables y Conectividad, tecno-plus",TRUE,Title,Default Title,VM-1017,250,shopify,1,deny,manual,35000,40250,TRUE,FALSE,https://valrobcell.com/wp-content/uploads/2025/09/Microfono-Inalambrico-VM-308.webp,1,active
laptod-adapter-monitor-hp-19v-1-5a-9029,LAPTOD ADAPTER MONITOR HP 19V 1.5A,<p>LAPTOD ADAPTER MONITOR HP 19V 1.5A con garantía oficial Tecno+.</p>,Tecno+,Cómputo y Accesorios,Cómputo y Accesorios,"Cómputo y Accesorios, tecno-plus",TRUE,Title,Default Title,9029,250,shopify,1,deny,manual,75000,86250,TRUE,FALSE,https://trivico.la/images/products/detail/HP-19V-1.58A-4.0x1.7-OEM-NBC111.jpg?ref=9029,1,active
cargador-portatil-msi-19v-23a-11164,CARGADOR PORTATIL MSI 19V 23A,<p>CARGADOR PORTATIL MSI 19V 23A con garantía oficial Tecno+.</p>,Tecno+,Cargadores y Energía,Cargadores y Energía,"Cargadores y Energía, tecno-plus",TRUE,Title,Default Title,11164,250,shopify,2,deny,manual,120000,138000,TRUE,FALSE,https://m.media-amazon.com/images/I/61tDVCyC4eL._AC_SL1500_.jpg,1,active
carg-para-asus-gamer-19v-6-32a-11291,CARG PARA ASUS GAMER 19V-6.32A,<p>CARG PARA ASUS GAMER 19V-6.32A con garantía oficial Tecno+.</p>,Tecno+,Gaming y TV Box,Gaming y TV Box,"Gaming y TV Box, tecno-plus",TRUE,Title,Default Title,11291,250,shopify,1,deny,manual,150000,172500,TRUE,FALSE,https://tecnologianexos.com/wp-content/uploads/2024/01/s-l1600-3.jpg,1,active
luces-de-belleza-panel-pl-26-profesional-pl-26,LUCES DE BELLEZA PANEL PL-26 PROFESIONAL,<p>LUCES DE BELLEZA PANEL PL-26 PROFESIONAL con garantía oficial Tecno+.</p>,Tecno+,Accesorios y Varios,Accesorios y Varios,"Accesorios y Varios, tecno-plus",TRUE,Title,Default Title,PL-26,250,shopify,1,deny,manual,130000,149500,TRUE,FALSE,https://beautyartistshop.cl/wp-content/uploads/2888-1.jpg,1,active
afeitadora-kemei-4-en-1-model-km-6630-km 6630,AFEITADORA KEMEI 4 EN 1 MODEL: KM 6630,<p>AFEITADORA KEMEI 4 EN 1 MODEL: KM 6630 con garantía oficial Tecno+.</p>,Tecno+,Accesorios y Varios,Accesorios y Varios,"Accesorios y Varios, tecno-plus",TRUE,Title,Default Title,KM 6630,250,shopify,1,deny,manual,70000,80500,TRUE,FALSE,https://manuals.plus/ae/1005007360011324/images/S3b54ce9ff41a4bcf9df1a9d45fee5e13l.jpg,1,active
teclado-portable-compatible-con-ios-y-windows-092025-cl-888,TECLADO PORTABLE COMPATIBLE CON IOS Y WINDOWS 092025,<p>TECLADO PORTABLE COMPATIBLE CON IOS Y WINDOWS 092025 con garantía oficial Tecno+.</p>,Tecno+,Cómputo y Accesorios,Cómputo y Accesorios,"Cómputo y Accesorios, tecno-plus",TRUE,Title,Default Title,CL-888,250,shopify,1,deny,manual,220000,253000,TRUE,FALSE,https://m.media-amazon.com/images/I/71SOBPPvmLL.jpg,1,active
teclado-inalambrico-plegable-r210-174446,TECLADO INALAMBRICO PLEGABLE,<p>TECLADO INALAMBRICO PLEGABLE con garantía oficial Tecno+.</p>,Tecno+,Cómputo y Accesorios,Cómputo y Accesorios,"Cómputo y Accesorios, tecno-plus",TRUE,Title,Default Title,R210-174446,250,shopify,1,deny,manual,300000,345000,TRUE,FALSE,https://m.media-amazon.com/images/I/71Nh4oXt8qL._AC_SL1500_.jpg,1,active
lapiz-inteligente-ios-ipadmini-air-pro-k-2259,LAPIZ INTELIGENTE IOS IPADMINI AIR PRO,<p>LAPIZ INTELIGENTE IOS IPADMINI AIR PRO con garantía oficial Tecno+.</p>,Tecno+,Accesorios y Varios,Accesorios y Varios,"Accesorios y Varios, tecno-plus",TRUE,Title,Default Title,K-2259,250,shopify,1,deny,manual,60000,69000,TRUE,FALSE,https://http2.mlstatic.com/D_NQ_NP_931416-MLA79860910460_102024-O.webp,1,active
teclado-magnetico-jephny-focus-on-3c-digital-hb-x7c,TECLADO MAGNETICO JEPHNY FOCUS ON 3C DIGITAL,<p>TECLADO MAGNETICO JEPHNY FOCUS ON 3C DIGITAL con garantía oficial Tecno+.</p>,Tecno+,Cómputo y Accesorios,Cómputo y Accesorios,"Cómputo y Accesorios, tecno-plus",TRUE,Title,Default Title,HB-X7C,250,shopify,1,deny,manual,180000,207000,TRUE,FALSE,https://device.report/m/92afa89115c44e3d6996317f672f4be5be939e032d51e4d69bea5b6e2e8096d1.png,1,active
network-digital-sound-card-para-transmision-en-vivo-8672779,NETWORK DIGITAL SOUND CARD PARA TRANSMISION EN VIVO,<p>NETWORK DIGITAL SOUND CARD PARA TRANSMISION EN VIVO con garantía oficial Tecno+.</p>,Tecno+,Accesorios y Varios,Accesorios y Varios,"Accesorios y Varios, tecno-plus",TRUE,Title,Default Title,8672779,250,shopify,1,deny,manual,250000,287500,TRUE,FALSE,https://i5.walmartimages.com/asr/b6359486-5897-493e-8da2-27536710326c.28696f2ab4a9bfa401c31a032a7fc6fa.jpeg,1,active
bolso-para-tablet-en-cuero-sintetico-ym1003-ym1003,BOLSO PARA TABLET EN CUERO SINTETICO YM1003,<p>BOLSO PARA TABLET EN CUERO SINTETICO YM1003 con garantía oficial Tecno+.</p>,Tecno+,Accesorios y Varios,Accesorios y Varios,"Accesorios y Varios, tecno-plus",TRUE,Title,Default Title,YM1003,250,shopify,1,deny,manual,110000,126500,TRUE,FALSE,https://ae01.alicdn.com/kf/S635889472efd4925a6c7cdd79df7037dF/Bolso-de-hombro-para-tableta-port-til-bolsa-de-almacenamiento-de-9-11-13-3-pulgadas.jpg,1,active
keyboard-case-ipad-10ma-generaci-n-kb002,KEYBOARD CASE IPAD 10MA GENERACIÓN,<p>KEYBOARD CASE IPAD 10MA GENERACIÓN con garantía oficial Tecno+.</p>,Tecno+,Accesorios y Varios,Accesorios y Varios,"Accesorios y Varios, tecno-plus",TRUE,Title,Default Title,KB002,250,shopify,1,deny,manual,190000,218500,TRUE,FALSE,https://microless.com/cdn/products/984711b3db74de9308bfc220673b1049-hi.jpg,1,active
case-ipad-10th-10-9-2022-9013,CASE IPAD 10TH 10.9 2022,<p>CASE IPAD 10TH 10.9 2022 con garantía oficial Tecno+.</p>,Tecno+,Accesorios y Varios,Accesorios y Varios,"Accesorios y Varios, tecno-plus",TRUE,Title,Default Title,9013,250,shopify,3,deny,manual,80000,92000,TRUE,FALSE,https://i5.walmartimages.com/seo/ProCase-iPad-10th-Generation-Case-Pencil-Holder-2022-10-9-Inch-Case-Clear-Transparent-Back-Shell-Trifold-Protective-Cases-Smart-Cover-Gen-A2696-A2757_8652474c-5ee1-4262-ba63-29c9f37c63e4.6e96f22bc3771d0eaf9aa5d86782eaef.jpeg,1,active
jaltech-power-cable-10-mtr-10974,JALTECH POWER CABLE 10 MTR,<p>JALTECH POWER CABLE 10 MTR con garantía oficial Tecno+.</p>,Tecno+,Cables y Conectividad,Cables y Conectividad,"Cables y Conectividad, tecno-plus",TRUE,Title,Default Title,10974,250,shopify,12,deny,manual,35000,40250,TRUE,FALSE,https://jaltechsas.com/wp-content/uploads/2023/08/CABLE-IMPRESORA-10-MTS_11297_IMP-10M_3-768x768.png,1,active
extension-usb-2-0-3m-blindada-10506,EXTENSION USB 2.0 3M BLINDADA,<p>EXTENSION USB 2.0 3M BLINDADA con garantía oficial Tecno+.</p>,Tecno+,Cómputo y Accesorios,Cómputo y Accesorios,"Cómputo y Accesorios, tecno-plus",TRUE,Title,Default Title,10506,250,shopify,3,deny,manual,20000,23000,TRUE,FALSE,https://latiendatecno.com/wp-content/uploads/2024/04/1315a.jpg,1,active
cable-de-impresora-blindado-5-mt-10546,CABLE DE IMPRESORA BLINDADO 5 MT,<p>CABLE DE IMPRESORA BLINDADO 5 MT con garantía oficial Tecno+.</p>,Tecno+,Cables y Conectividad,Cables y Conectividad,"Cables y Conectividad, tecno-plus",TRUE,Title,Default Title,10546,250,shopify,4,deny,manual,25000,28750,TRUE,FALSE,https://http2.mlstatic.com/D_NQ_NP_721905-MLA91946384307_092025-O.webp,1,active
cable-hdmi-14-1-encauchetado-10-mt-11757,CABLE HDMI 14+1 ENCAUCHETADO 10 MT,<p>CABLE HDMI 14+1 ENCAUCHETADO 10 MT con garantía oficial Tecno+.</p>,Tecno+,Cables y Conectividad,Cables y Conectividad,"Cables y Conectividad, tecno-plus",TRUE,Title,Default Title,11757,250,shopify,5,deny,manual,35000,40250,TRUE,FALSE,https://jaltechsas.com/wp-content/uploads/2025/12/CABLE-HDMI-141-ENCAUCHETADO-10-M_11757_1-1280x1280.png,1,active
cable-hdmi-14-1-encauchetado-5-mt-11755,CABLE HDMI 14+1 ENCAUCHETADO 5 MT,<p>CABLE HDMI 14+1 ENCAUCHETADO 5 MT con garantía oficial Tecno+.</p>,Tecno+,Cables y Conectividad,Cables y Conectividad,"Cables y Conectividad, tecno-plus",TRUE,Title,Default Title,11755,250,shopify,3,deny,manual,25000,28750,TRUE,FALSE,https://paisatech.co/wp-content/uploads/2026/01/CABLE-HDMI-141-ENCAUCHETADO-10-M_11755_1-1-600x600.png,1,active
router-3-antenas-750-mbps-tp-link-ac750,ROUTER 3 ANTENAS 750 MBPS TP LINK,<p>ROUTER 3 ANTENAS 750 MBPS TP LINK con garantía oficial Tecno+.</p>,Tecno+,Accesorios y Varios,Accesorios y Varios,"Accesorios y Varios, tecno-plus",TRUE,Title,Default Title,AC750,250,shopify,1,deny,manual,180000,207000,TRUE,FALSE,https://coolboxpe.vtexassets.com/arquivos/ids/243727/ARCHER-C20_2.jpg?v=638072526960300000,1,active
jaltech-cable-rj45-30-mtr-17,JALTECH CABLE RJ45 30 MTR,<p>JALTECH CABLE RJ45 30 MTR con garantía oficial Tecno+.</p>,Tecno+,Cables y Conectividad,Cables y Conectividad,"Cables y Conectividad, tecno-plus",TRUE,Title,Default Title,17,250,shopify,1,deny,manual,50000,57500,TRUE,FALSE,https://dasicaravan.com/wp-content/uploads/2025/09/1043329_ASS030065050_CABLE_ETHERNET_84f0.jpg,1,active
cable-hdmi-5-metros-nt-3004,CABLE HDMI 5 METROS,<p>CABLE HDMI 5 METROS con garantía oficial Tecno+.</p>,Tecno+,Cables y Conectividad,Cables y Conectividad,"Cables y Conectividad, tecno-plus",TRUE,Title,Default Title,NT-3004,250,shopify,1,deny,manual,30000,34500,TRUE,FALSE,https://shopec.ec/wp-content/uploads/2024/12/c272.jpg,1,active
cable-hdmi-10-metros-item-c95-c9581000,CABLE HDMI 10 METROS ITEM C95,<p>CABLE HDMI 10 METROS ITEM C95 con garantía oficial Tecno+.</p>,Tecno+,Cables y Conectividad,Cables y Conectividad,"Cables y Conectividad, tecno-plus",TRUE,Title,Default Title,C9581000,250,shopify,1,deny,manual,50000,57500,TRUE,FALSE,https://mitecno.gt/image/cache/catalog/289-434/00301/Cable-HDMI-10-metros--550x550.jpg.webp,1,active
soporte-para-tv-17-42-con-rotacion-9015,"SOPORTE PARA TV 17""-42 CON ROTACION","<p>SOPORTE PARA TV 17""-42 CON ROTACION con garantía oficial Tecno+.</p>",Tecno+,Accesorios y Varios,Accesorios y Varios,"Accesorios y Varios, tecno-plus",TRUE,Title,Default Title,9015,250,shopify,2,deny,manual,40000,46000,TRUE,FALSE,https://www.conagro.com.uy/wp-content/uploads/2022/09/D_720009-MLU48408674581_122021-F.jpg,1,active
netion-ups-interactiva-e2303041226,NETION UPS INTERACTIVA,<p>NETION UPS INTERACTIVA con garantía oficial Tecno+.</p>,Tecno+,Accesorios y Varios,Accesorios y Varios,"Accesorios y Varios, tecno-plus",TRUE,Title,Default Title,E2303041226,250,shopify,1,deny,manual,350000,402500,TRUE,FALSE,https://osakaelectronicsltda.com/9010-thickbox_default/ups-interactiva-3kva-netion.jpg,1,active
cable-iphone-usb-a-lightning-12,CABLE IPHONE USB A LIGHTNING,<p>CABLE IPHONE USB A LIGHTNING con garantía oficial Tecno+.</p>,Tecno+,Cables y Conectividad,Cables y Conectividad,"Cables y Conectividad, tecno-plus",TRUE,Title,Default Title,12,250,shopify,17,deny,manual,70000,80500,TRUE,FALSE,https://promart.vteximg.com.br/arquivos/ids/6670753-1000-1000/image-3160b35fd490467ab0b0778450a63b53.jpg?v=638074262300100000,1,active
cable-iphone-c-c-60w-original-1-metro-mqkj3zm,CABLE IPHONE C-C 60W ORIGINAL 1 METRO,<p>CABLE IPHONE C-C 60W ORIGINAL 1 METRO con garantía oficial Tecno+.</p>,Tecno+,Cables y Conectividad,Cables y Conectividad,"Cables y Conectividad, tecno-plus",TRUE,Title,Default Title,MQKJ3ZM,250,shopify,4,deny,manual,100000,115000,TRUE,FALSE,https://phonetastik.de/media/ee/0e/16/1701688599/00000000000000000000000021752901.jpg,1,active
lightning-to-headphone-jack-adapter-9020,LIGHTNING TO HEADPHONE JACK ADAPTER,<p>LIGHTNING TO HEADPHONE JACK ADAPTER con garantía oficial Tecno+.</p>,Tecno+,Audífonos y Diademas,Audífonos y Diademas,"Audífonos y Diademas, tecno-plus",TRUE,Title,Default Title,9020,250,shopify,1,deny,manual,40000,46000,TRUE,FALSE,https://autoplay.com.pk/wp-content/uploads/2024/03/988501599_max.jpg,1,active
cable-iphone-c-a-lighthing-1-metro-original-9022,CABLE IPHONE C A LIGHTHING 1 METRO ORIGINAL,<p>CABLE IPHONE C A LIGHTHING 1 METRO ORIGINAL con garantía oficial Tecno+.</p>,Tecno+,Cables y Conectividad,Cables y Conectividad,"Cables y Conectividad, tecno-plus",TRUE,Title,Default Title,9022,250,shopify,5,deny,manual,80000,92000,TRUE,FALSE,https://http2.mlstatic.com/D_NQ_NP_738355-MCO73596979168_122023-O.webp,1,active
cubo-iphone-20w-original-1012,CUBO IPHONE 20W ORIGINAL,<p>CUBO IPHONE 20W ORIGINAL con garantía oficial Tecno+.</p>,Tecno+,Accesorios y Varios,Accesorios y Varios,"Accesorios y Varios, tecno-plus",TRUE,Title,Default Title,1012,250,shopify,5,deny,manual,100000,115000,TRUE,FALSE,https://maycsuministros.com/wp-content/uploads/2023/11/D_NQ_NP_901569-MCR44879610553_022021-O.webp,1,active
cubo-iphone-generico-20w-9025,CUBO IPHONE GENERICO 20W,<p>CUBO IPHONE GENERICO 20W con garantía oficial Tecno+.</p>,Tecno+,Accesorios y Varios,Accesorios y Varios,"Accesorios y Varios, tecno-plus",TRUE,Title,Default Title,9025,250,shopify,2,deny,manual,50000,57500,TRUE,FALSE,https://ourconnectivity.com/assets/uploads/396e078978f428c801fcb14361108cb0.png,1,active
cargador-14-pro-max-generico-25w-16,CARGADOR 14 PRO MAX GENERICO 25W,<p>CARGADOR 14 PRO MAX GENERICO 25W con garantía oficial Tecno+.</p>,Tecno+,Cargadores y Energía,Cargadores y Energía,"Cargadores y Energía, tecno-plus",TRUE,Title,Default Title,16,250,shopify,2,deny,manual,50000,57500,TRUE,FALSE,https://mastecnologiapc.com/wp-content/uploads/2025/04/LM23-10-34.jpg,1,active
extra-thick-fast-charging-cable-cb418,EXTRA -THICK FAST CHARGING CABLE,<p>EXTRA -THICK FAST CHARGING CABLE con garantía oficial Tecno+.</p>,Tecno+,Cables y Conectividad,Cables y Conectividad,"Cables y Conectividad, tecno-plus",TRUE,Title,Default Title,CB418,250,shopify,3,deny,manual,23000,26450,TRUE,FALSE,https://img.kilimall.com/c/public/store/9751/goods/image/101579635.jpg,1,active
comfortable-life-vidvie-cable-usb-a-v8-cb408v,COMFORTABLE LIFE VIDVIE CABLE USB A V8,<p>COMFORTABLE LIFE VIDVIE CABLE USB A V8 con garantía oficial Tecno+.</p>,Tecno+,Cables y Conectividad,Cables y Conectividad,"Cables y Conectividad, tecno-plus",TRUE,Title,Default Title,CB408V,250,shopify,13,deny,manual,15000,17250,TRUE,FALSE,https://www.vidvie.hk/Uploads/20240607/1717743529102905.jpg,1,active
caja-externa-2-0-basik-tech-80270,CAJA EXTERNA 2.0 BASIK TECH,<p>CAJA EXTERNA 2.0 BASIK TECH con garantía oficial Tecno+.</p>,Tecno+,Accesorios y Varios,Accesorios y Varios,"Accesorios y Varios, tecno-plus",TRUE,Title,Default Title,80270,250,shopify,6,deny,manual,40000,46000,TRUE,FALSE,https://jaltechsas.com/wp-content/uploads/2023/08/CAJA-EXTERNA-2.0-BASIK-TECH_80270_BSK-CAJA-2.0_4-1200x1200.png,1,active
portable-yet-flexible-compact-portable-cb420,PORTABLE YET FLEXIBLE COMPACT & PORTABLE,<p>PORTABLE YET FLEXIBLE COMPACT & PORTABLE con garantía oficial Tecno+.</p>,Tecno+,Accesorios y Varios,Accesorios y Varios,"Accesorios y Varios, tecno-plus",TRUE,Title,Default Title,CB420,250,shopify,4,deny,manual,38000,43700,TRUE,FALSE,https://campingguider.com/wp-content/uploads/2025/11/Compact_Cb_combined_image.jpg,1,active
cable-usb-a-c-nia-fast-cable-an-52,CABLE USB A C NIA FAST CABLE,<p>CABLE USB A C NIA FAST CABLE con garantía oficial Tecno+.</p>,Tecno+,Cables y Conectividad,Cables y Conectividad,"Cables y Conectividad, tecno-plus",TRUE,Title,Default Title,AN-52,250,shopify,3,deny,manual,20000,23000,TRUE,FALSE,https://http2.mlstatic.com/D_NQ_NP_680326-MCO46850135199_072021-O.webp,1,active
jaltech-adaptador-corriente-12v-2a-11054-11054,JALTECH ADAPTADOR CORRIENTE 12V 2A 11054,<p>JALTECH ADAPTADOR CORRIENTE 12V 2A 11054 con garantía oficial Tecno+.</p>,Tecno+,Cargadores y Energía,Cargadores y Energía,"Cargadores y Energía, tecno-plus",TRUE,Title,Default Title,11054,250,shopify,7,deny,manual,25000,28750,TRUE,FALSE,https://jaltechsas.com/product/adaptador-de-corriente5v-1a-2/ADAPTADOR-CORRIENTE-12V2A_11054_LH028_3.png,1,active
cargador-cg-01-v3-9026,CARGADOR CG-01 V3,<p>CARGADOR CG-01 V3 con garantía oficial Tecno+.</p>,Tecno+,Cargadores y Energía,Cargadores y Energía,"Cargadores y Energía, tecno-plus",TRUE,Title,Default Title,9026,250,shopify,3,deny,manual,7000,8050,TRUE,FALSE,https://http2.mlstatic.com/D_NQ_NP_786478-MLM31954113692_082019-O.webp,1,active
fast-charging-nylon-braided-cable-vidvie-cb449v,FAST CHARGING NYLON BRAIDED CABLE VIDVIE,<p>FAST CHARGING NYLON BRAIDED CABLE VIDVIE con garantía oficial Tecno+.</p>,Tecno+,Cables y Conectividad,Cables y Conectividad,"Cables y Conectividad, tecno-plus",TRUE,Title,Default Title,CB449V,250,shopify,1,deny,manual,25000,28750,TRUE,FALSE,https://image.made-in-china.com/2f0j00NrEkMcgRgubB/Nylon-Braid-60W-3A-Fast-Charging-USB-C-to-USB-C-Cable.jpg,1,active
fast-charging-nylon-braided-cable-vidvie-cb449vv,FAST CHARGING NYLON BRAIDED CABLE VIDVIE,<p>FAST CHARGING NYLON BRAIDED CABLE VIDVIE con garantía oficial Tecno+.</p>,Tecno+,Cables y Conectividad,Cables y Conectividad,"Cables y Conectividad, tecno-plus",TRUE,Title,Default Title,CB449VV,250,shopify,1,deny,manual,18000,20700,TRUE,FALSE,https://afandee.com/wp-content/uploads/2024/03/3-1-510x685.jpg,1,active
charge-sync-cable-belkin-usb-a-micro-usb-v8-95,CHARGE/SYNC CABLE BELKIN USB A MICRO USB V8,<p>CHARGE/SYNC CABLE BELKIN USB A MICRO USB V8 con garantía oficial Tecno+.</p>,Tecno+,Cables y Conectividad,Cables y Conectividad,"Cables y Conectividad, tecno-plus",TRUE,Title,Default Title,95,250,shopify,1,deny,manual,20000,23000,TRUE,FALSE,https://lemonwire.com/wp-content/uploads/2024/02/1038697968_6b8c341d-139d-4ad2-922d-01b0f4e179d3.jpg,1,active
vidvie-cable-usb-a-lighting-cb411i,VIDVIE CABLE USB A LIGHTING,<p>VIDVIE CABLE USB A LIGHTING con garantía oficial Tecno+.</p>,Tecno+,Cables y Conectividad,Cables y Conectividad,"Cables y Conectividad, tecno-plus",TRUE,Title,Default Title,CB411i,250,shopify,3,deny,manual,20000,23000,TRUE,FALSE,https://mrelectroniccy.com/wp-content/uploads/2025/03/06133.png,1,active
vidvie-cable-tipo-c-a-c-cb494t-t-2-mtr-cb494t-t,VIDVIE CABLE TIPO C A C CB494T-T 2 MTR,<p>VIDVIE CABLE TIPO C A C CB494T-T 2 MTR con garantía oficial Tecno+.</p>,Tecno+,Cables y Conectividad,Cables y Conectividad,"Cables y Conectividad, tecno-plus",TRUE,Title,Default Title,CB494T-T,250,shopify,1,deny,manual,30000,34500,TRUE,FALSE,https://itechstore.tn/7907-thickbox_default/cable-vidvie-type-c-2m.jpg,1,active
cargador-direc-tv-106,CARGADOR DIREC TV,<p>CARGADOR DIREC TV con garantía oficial Tecno+.</p>,Tecno+,Cargadores y Energía,Cargadores y Energía,"Cargadores y Energía, tecno-plus",TRUE,Title,Default Title,106,250,shopify,9,deny,manual,35000,40250,TRUE,FALSE,https://powertechsantander.com/assets/uploads/2e6c8ab4913f691d4279b98dda9284bc.png,1,active
cargador-de-carro-pd-38w-alta-potencia-30652,CARGADOR DE CARRO PD 38W ALTA POTENCIA,<p>CARGADOR DE CARRO PD 38W ALTA POTENCIA con garantía oficial Tecno+.</p>,Tecno+,Cargadores y Energía,Cargadores y Energía,"Cargadores y Energía, tecno-plus",TRUE,Title,Default Title,30652,250,shopify,9,deny,manual,35000,40250,TRUE,FALSE,"https://res.cloudinary.com/ditrt47am/image/upload/f_auto,q_auto/v1757513342/catalogo/productos/prod_a34af6bef5a9.png",1,active
metal-dual-usb-fast-car-charger-2-4a-cc528,METAL DUAL USB FAST CAR CHARGER 2.4A,<p>METAL DUAL USB FAST CAR CHARGER 2.4A con garantía oficial Tecno+.</p>,Tecno+,Cómputo y Accesorios,Cómputo y Accesorios,"Cómputo y Accesorios, tecno-plus",TRUE,Title,Default Title,CC528,250,shopify,5,deny,manual,55000,63250,TRUE,FALSE,https://www.dhresource.com/webp/m/0x0/f2/albu/g20/M00/5E/61/rBVaqWDke5iAYtdcAADpHW_X_T0680.jpg,1,active
vidvie-car-charger-usb-a-v8-cc02-v8,VIDVIE CAR CHARGER USB A V8,<p>VIDVIE CAR CHARGER USB A V8 con garantía oficial Tecno+.</p>,Tecno+,Cómputo y Accesorios,Cómputo y Accesorios,"Cómputo y Accesorios, tecno-plus",TRUE,Title,Default Title,CC02-V8,250,shopify,5,deny,manual,28000,32200,TRUE,FALSE,http://vidvie.hk/Uploads/2021-01-30/601501d30a555.jpg,1,active
car-charger-usb-lighthing-2-44a-cc02 ip,CAR CHARGER USB-LIGHTHING 2.44A,<p>CAR CHARGER USB-LIGHTHING 2.44A con garantía oficial Tecno+.</p>,Tecno+,Cómputo y Accesorios,Cómputo y Accesorios,"Cómputo y Accesorios, tecno-plus",TRUE,Title,Default Title,CC02 IP,250,shopify,3,deny,manual,28000,32200,TRUE,FALSE,http://acmic.id/cdn/shop/files/CC02_BLACK_2.jpg?v=1720433272,1,active
vidvie-mini-pocket-power-bank-5000w-lightning-pb781i,VIDVIE MINI POCKET POWER BANK 5000W LIGHTNING,<p>VIDVIE MINI POCKET POWER BANK 5000W LIGHTNING con garantía oficial Tecno+.</p>,Tecno+,Cargadores y Energía,Cargadores y Energía,"Cargadores y Energía, tecno-plus",TRUE,Title,Default Title,PB781i,250,shopify,1,deny,manual,100000,115000,TRUE,FALSE,https://sc04.alicdn.com/kf/H83addafdf7f44e4aa41bf42eae313502U/240476038/H83addafdf7f44e4aa41bf42eae313502U.jpg,1,active
3-port-usb-charger-4-8a-vidvie-plm331,3 PORT USB CHARGER 4.8A VIDVIE,<p>3 PORT USB CHARGER 4.8A VIDVIE con garantía oficial Tecno+.</p>,Tecno+,Cómputo y Accesorios,Cómputo y Accesorios,"Cómputo y Accesorios, tecno-plus",TRUE,Title,Default Title,PLM331,250,shopify,4,deny,manual,40000,46000,TRUE,FALSE,https://www.vidvie.hk/Uploads/2021-01-29/6013e91be3253.jpg,1,active
mini-pd-mobile-charger-20w-vidvie-plm336c,MINI PD MOBILE CHARGER 20W VIDVIE,<p>MINI PD MOBILE CHARGER 20W VIDVIE con garantía oficial Tecno+.</p>,Tecno+,Accesorios y Varios,Accesorios y Varios,"Accesorios y Varios, tecno-plus",TRUE,Title,Default Title,PLM336C,250,shopify,3,deny,manual,45000,51750,TRUE,FALSE,https://www.puntosistemas.com/wp-content/uploads/2024/04/solo-fuente-tipo-c-plm336c-20w-1-600x600.jpg,1,active
vidvie-mini-pocket-power-bank-5000w-tipo-c-pb781t,VIDVIE MINI POCKET POWER BANK 5000W TIPO C,<p>VIDVIE MINI POCKET POWER BANK 5000W TIPO C con garantía oficial Tecno+.</p>,Tecno+,Cargadores y Energía,Cargadores y Energía,"Cargadores y Energía, tecno-plus",TRUE,Title,Default Title,PB781T,250,shopify,1,deny,manual,100000,115000,TRUE,FALSE,https://vidvie.hk/Uploads/2024-05-13/6641e73839305.jpg,1,active
vidvie-gan-single-cargador-tipo-c-33w-plm354,VIDVIE GaN Single CARGADOR TIPO C 33W,<p>VIDVIE GaN Single CARGADOR TIPO C 33W con garantía oficial Tecno+.</p>,Tecno+,Cargadores y Energía,Cargadores y Energía,"Cargadores y Energía, tecno-plus",TRUE,Title,Default Title,PLM354,250,shopify,5,deny,manual,70000,80500,TRUE,FALSE,https://www.vidvie.hk/Uploads/2024-05-27/665428466f3e2.png,1,active
gan-dual-type-c-40w-high-power-charger-plm346,GAN DUAL TYPE-C 40W HIGH POWER CHARGER,<p>GAN DUAL TYPE-C 40W HIGH POWER CHARGER con garantía oficial Tecno+.</p>,Tecno+,Accesorios y Varios,Accesorios y Varios,"Accesorios y Varios, tecno-plus",TRUE,Title,Default Title,PLM346,250,shopify,1,deny,manual,100000,115000,TRUE,FALSE,"https://res.cloudinary.com/movilcell/image/upload/f_auto,q_auto/v1755711890/Productos/Cargadores/PLM346/343-2-1-1-scaled_lut8w6.jpg",1,active
vidvies-gan-big-power-dual-usb-c-67w-plm351,VIDVIES GaN Big Power Dual Usb-C 67W,<p>VIDVIES GaN Big Power Dual Usb-C 67W con garantía oficial Tecno+.</p>,Tecno+,Cómputo y Accesorios,Cómputo y Accesorios,"Cómputo y Accesorios, tecno-plus",TRUE,Title,Default Title,PLM351,250,shopify,1,deny,manual,180000,207000,TRUE,FALSE,https://www.vidvie.hk/Uploads/20240515/1715765875475509.jpg,1,active
cargador-fly-energy-120w-c-480-c-480,CARGADOR FLY ENERGY 120W C-480,<p>CARGADOR FLY ENERGY 120W C-480 con garantía oficial Tecno+.</p>,Tecno+,Cargadores y Energía,Cargadores y Energía,"Cargadores y Energía, tecno-plus",TRUE,Title,Default Title,C-480,250,shopify,1,deny,manual,60000,69000,TRUE,FALSE,https://http2.mlstatic.com/D_NQ_NP_900506-MLA83619266719_042025-O.webp,1,active
vidvie-car-iphone-holder-hc1512-hc1512,VIDVIE CAR IPHONE HOLDER HC1512,<p>VIDVIE CAR IPHONE HOLDER HC1512 con garantía oficial Tecno+.</p>,Tecno+,Accesorios y Varios,Accesorios y Varios,"Accesorios y Varios, tecno-plus",TRUE,Title,Default Title,HC1512,250,shopify,2,deny,manual,150000,172500,TRUE,FALSE,https://mrelectroniccy.com/wp-content/uploads/2025/02/06066.png,1,active
charger-2-4a-tipo-c-ca03v,CHARGER 2.4A TIPO C,<p>CHARGER 2.4A TIPO C con garantía oficial Tecno+.</p>,Tecno+,Accesorios y Varios,Accesorios y Varios,"Accesorios y Varios, tecno-plus",TRUE,Title,Default Title,CA03V,250,shopify,1,deny,manual,30000,34500,TRUE,FALSE,https://papeleriadelahorro.mx/cdn/shop/files/1719014.jpg?v=1751741811,1,active
multifuncional-usb-expansion-car-charger-4-puertos-60w-cc527,MULTIFUNCIONAL USB EXPANSION CAR CHARGER 4 PUERTOS 60W,<p>MULTIFUNCIONAL USB EXPANSION CAR CHARGER 4 PUERTOS 60W con garantía oficial Tecno+.</p>,Tecno+,Cómputo y Accesorios,Cómputo y Accesorios,"Cómputo y Accesorios, tecno-plus",TRUE,Title,Default Title,CC527T,250,shopify,2,deny,manual,180000,207000,TRUE,FALSE,https://m.media-amazon.com/images/I/719ZMzCWKXL._AC_SL1500_.jpg,1,active
vidvie-magnetic-stickers-hc1505,VIDVIE MAGNETIC STICKERS,<p>VIDVIE MAGNETIC STICKERS con garantía oficial Tecno+.</p>,Tecno+,Gaming y TV Box,Gaming y TV Box,"Gaming y TV Box, tecno-plus",TRUE,Title,Default Title,HC1505,250,shopify,4,deny,manual,60000,69000,TRUE,FALSE,https://mrelectroniccy.com/wp-content/uploads/2025/03/06109.png,1,active
cargador-mtf-18w-mt-25-mt-25,CARGADOR MTF 18W MT-25,<p>CARGADOR MTF 18W MT-25 con garantía oficial Tecno+.</p>,Tecno+,Cargadores y Energía,Cargadores y Energía,"Cargadores y Energía, tecno-plus",TRUE,Title,Default Title,MT-25,250,shopify,3,deny,manual,30000,34500,TRUE,FALSE,https://images.rappi.com/products/1743802640995_1743802639839_1743802638364.png,1,active
soporte-carro-ajustable-jal-h02-30649,SOPORTE CARRO AJUSTABLE JAL H02,<p>SOPORTE CARRO AJUSTABLE JAL H02 con garantía oficial Tecno+.</p>,Tecno+,Accesorios y Varios,Accesorios y Varios,"Accesorios y Varios, tecno-plus",TRUE,Title,Default Title,30649,250,shopify,4,deny,manual,65000,74750,TRUE,FALSE,https://jaltechsas.com/wp-content/uploads/2024/09/SOPORTE-CARRO-AJUSTABLE-JAL-H02_30649_JAL-H02_3.png,1,active
laptop-stand-p02-p02-11264,LAPTOP STAND P02 P02,<p>LAPTOP STAND P02 P02 con garantía oficial Tecno+.</p>,Tecno+,Accesorios y Varios,Accesorios y Varios,"Accesorios y Varios, tecno-plus",TRUE,Title,Default Title,11264,250,shopify,1,deny,manual,85000,97750,TRUE,FALSE,https://jaltechsas.com/wp-content/uploads/2023/03/LAPTOP-STAND-P02_11264_P02_1-768x768.png,1,active
extension-usb-2-0-activa-10-mtr-11734,EXTENSION USB 2.0 ACTIVA 10 MTR,<p>EXTENSION USB 2.0 ACTIVA 10 MTR con garantía oficial Tecno+.</p>,Tecno+,Cómputo y Accesorios,Cómputo y Accesorios,"Cómputo y Accesorios, tecno-plus",TRUE,Title,Default Title,11734,250,shopify,1,deny,manual,40000,46000,TRUE,FALSE,https://http2.mlstatic.com/D_NQ_NP_743397-MLM110094265881_042026-O.webp,1,active
laptod-adapter-monitor-14v-3a-9028,LAPTOD ADAPTER MONITOR 14V - 3A,<p>LAPTOD ADAPTER MONITOR 14V - 3A con garantía oficial Tecno+.</p>,Tecno+,Cómputo y Accesorios,Cómputo y Accesorios,"Cómputo y Accesorios, tecno-plus",TRUE,Title,Default Title,9028,250,shopify,3,deny,manual,58000,66700,TRUE,FALSE,https://www.eccom.pe/wp-content/uploads/2025/02/8db2d713-c71f-4453-8060-716e5a7d3d86.jpg,1,active
mini-projector-708322,MINI PROJECTOR,<p>MINI PROJECTOR con garantía oficial Tecno+.</p>,Tecno+,Accesorios y Varios,Accesorios y Varios,"Accesorios y Varios, tecno-plus",TRUE,Title,Default Title,708322,250,shopify,2,deny,manual,190000,218500,TRUE,FALSE,https://i5.walmartimages.com/asr/6ca969f1-8062-4c3a-b597-f95abe1a9141.df1361415ca521507a52c097363d30c0.jpeg,1,active
control-de-play-4-negro-gt-ps4-11627,CONTROL DE PLAY 4 NEGRO GT PS4,<p>CONTROL DE PLAY 4 NEGRO GT PS4 con garantía oficial Tecno+.</p>,Tecno+,Accesorios y Varios,Accesorios y Varios,"Accesorios y Varios, tecno-plus",TRUE,Title,Default Title,11627,250,shopify,5,deny,manual,90000,103500,TRUE,FALSE,https://exitocol.vtexassets.com/arquivos/ids/31743269/image-c01ff7bb0daf4334885d71b1aa53b481.jpg?v=638985598942170000,1,active
control-de-play-analong-controller-twin-vibration-2-4g-9030,CONTROL DE PLAY ANALONG CONTROLLER TWIN VIBRATION 2.4G,<p>CONTROL DE PLAY ANALONG CONTROLLER TWIN VIBRATION 2.4G con garantía oficial Tecno+.</p>,Tecno+,Accesorios y Varios,Accesorios y Varios,"Accesorios y Varios, tecno-plus",TRUE,Title,Default Title,9030,250,shopify,2,deny,manual,48000,55200,TRUE,FALSE,https://www.jvgelectronics.in/storage/product/1634643774img3.png,1,active
destok-microphone-662026bk,DESTOK MICROPHONE,<p>DESTOK MICROPHONE con garantía oficial Tecno+.</p>,Tecno+,Accesorios y Varios,Accesorios y Varios,"Accesorios y Varios, tecno-plus",TRUE,Title,Default Title,662026BK,250,shopify,2,deny,manual,40000,46000,TRUE,FALSE,https://lv4tech.com/wp-content/uploads/2023/09/delock-1.png,1,active
laptod-adapter-monitor-hp-19v-1-5a-9029,LAPTOD ADAPTER MONITOR HP 19V 1.5A,<p>LAPTOD ADAPTER MONITOR HP 19V 1.5A con garantía oficial Tecno+.</p>,Tecno+,Cómputo y Accesorios,Cómputo y Accesorios,"Cómputo y Accesorios, tecno-plus",TRUE,Title,Default Title,9029,250,shopify,1,deny,manual,58000,66700,TRUE,FALSE,https://trivico.la/images/products/detail/HP-19V-1.58A-4.0x1.7-OEM-NBC111.jpg,1,active
funda-peluche-sin-manga-14-140345,"FUNDA PELUCHE SIN MANGA 14""","<p>FUNDA PELUCHE SIN MANGA 14"" con garantía oficial Tecno+.</p>",Tecno+,Accesorios y Varios,Accesorios y Varios,"Accesorios y Varios, tecno-plus",TRUE,Title,Default Title,140345,250,shopify,11,deny,manual,40000,46000,TRUE,FALSE,https://peltrina.com.ar/18098-thickbox_default/funda-peluche-gris.jpg,1,active
funda-peluche-con-manga-14-14089,"FUNDA PELUCHE CON MANGA 14""","<p>FUNDA PELUCHE CON MANGA 14"" con garantía oficial Tecno+.</p>",Tecno+,Accesorios y Varios,Accesorios y Varios,"Accesorios y Varios, tecno-plus",TRUE,Title,Default Title,14089,250,shopify,11,deny,manual,50000,57500,TRUE,FALSE,https://http2.mlstatic.com/D_NQ_NP_986346-MLM90381139546_082025-O-funda-conejo-de-peluche-para-iphone-14-14-pro-14-pro-max.webp,1,active
funda-peluche-15-9038,"FUNDA PELUCHE 15""","<p>FUNDA PELUCHE 15"" con garantía oficial Tecno+.</p>",Tecno+,Accesorios y Varios,Accesorios y Varios,"Accesorios y Varios, tecno-plus",TRUE,Title,Default Title,9038,250,shopify,11,deny,manual,40000,46000,TRUE,FALSE,"https://static.wixstatic.com/media/4ac544_746db0d6df78450e91948a77aec6092d~mv2.jpg/v1/fit/w_500,h_500,q_90/file.jpg",1,active
funda-peluche-con-manga-15-6-9036,"FUNDA PELUCHE CON MANGA 15""6","<p>FUNDA PELUCHE CON MANGA 15""6 con garantía oficial Tecno+.</p>",Tecno+,Accesorios y Varios,Accesorios y Varios,"Accesorios y Varios, tecno-plus",TRUE,Title,Default Title,9036,250,shopify,12,deny,manual,50000,57500,TRUE,FALSE,https://http2.mlstatic.com/D_NQ_NP_859835-MPE77117694775_062024-O.webp,1,active
funda-maletin-pc-14-color-9031,"FUNDA MALETIN PC 14"" COLOR","<p>FUNDA MALETIN PC 14"" COLOR con garantía oficial Tecno+.</p>",Tecno+,Accesorios y Varios,Accesorios y Varios,"Accesorios y Varios, tecno-plus",TRUE,Title,Default Title,9031,250,shopify,8,deny,manual,35000,40250,TRUE,FALSE,https://http2.mlstatic.com/D_NQ_NP_899122-MLM90540060784_082025-O.webp,1,active
funda-maletin-pc-15-6-color-16000,"FUNDA MALETIN PC 15""6 COLOR","<p>FUNDA MALETIN PC 15""6 COLOR con garantía oficial Tecno+.</p>",Tecno+,Accesorios y Varios,Accesorios y Varios,"Accesorios y Varios, tecno-plus",TRUE,Title,Default Title,16000,250,shopify,5,deny,manual,35000,40250,TRUE,FALSE,https://rimage.ripley.com.pe/home.ripley/Attachment/MKP/4016/PMP20001013951/imagen2-1.jpeg,1,active
funda-maletin-15-6-9039,"FUNDA MALETIN 15""6","<p>FUNDA MALETIN 15""6 con garantía oficial Tecno+.</p>",Tecno+,Accesorios y Varios,Accesorios y Varios,"Accesorios y Varios, tecno-plus",TRUE,Title,Default Title,9039,250,shopify,10,deny,manual,35000,40250,TRUE,FALSE,https://http2.mlstatic.com/D_NQ_NP_759598-MLA87703145687_072025-O.webp,1,active
funda-maletin-14-9035,"FUNDA MALETIN 14""","<p>FUNDA MALETIN 14"" con garantía oficial Tecno+.</p>",Tecno+,Accesorios y Varios,Accesorios y Varios,"Accesorios y Varios, tecno-plus",TRUE,Title,Default Title,9035,250,shopify,10,deny,manual,35000,40250,TRUE,FALSE,https://carulla.vtexassets.com/arquivos/ids/17565071/funda-maletin-para-portatil-de-14-pulgadas-negro.jpg?v=638616952860770000,1,active
funda-flat-zipper-15-color-verde-80307,"FUNDA FLAT ZIPPER 15""COLOR VERDE","<p>FUNDA FLAT ZIPPER 15""COLOR VERDE con garantía oficial Tecno+.</p>",Tecno+,Accesorios y Varios,Accesorios y Varios,"Accesorios y Varios, tecno-plus",TRUE,Title,Default Title,80307,250,shopify,2,deny,manual,40000,46000,TRUE,FALSE,https://cdn.shopify.com/s/files/1/0459/9231/2998/files/2aa0999b4e51a7055d3ac29f6b7ad912882d7d331bec0ae2defe174e1cbb820a.jpg?v=1750782933,1,active
funda-15-6-urban-off-ford-negra-11338,"FUNDA 15.6"" URBAN OFF FORD NEGRA","<p>FUNDA 15.6"" URBAN OFF FORD NEGRA con garantía oficial Tecno+.</p>",Tecno+,Accesorios y Varios,Accesorios y Varios,"Accesorios y Varios, tecno-plus",TRUE,Title,Default Title,11338,250,shopify,2,deny,manual,55000,63250,TRUE,FALSE,"https://jaltechsas.com/wp-content/uploads/2023/08/FUNDA-URBAN-OXFORD-NEGRA-15,6_11338_168-15.6_2.png",1,active
funda-15-doble-faz-jaltech-10317,"FUNDA 15"" DOBLE FAZ JALTECH","<p>FUNDA 15"" DOBLE FAZ JALTECH con garantía oficial Tecno+.</p>",Tecno+,Accesorios y Varios,Accesorios y Varios,"Accesorios y Varios, tecno-plus",TRUE,Title,Default Title,10317,250,shopify,2,deny,manual,35000,40250,TRUE,FALSE,https://wirtec.com.co/wp-content/uploads/2021/11/FUNDA-DOBLE-FAZ-15_10317_02-15_1-1200x1200.png,1,active
funda-correa-oxford-gris-15-6-11333,"FUNDA CORREA OXFORD GRIS 15""6","<p>FUNDA CORREA OXFORD GRIS 15""6 con garantía oficial Tecno+.</p>",Tecno+,Accesorios y Varios,Accesorios y Varios,"Accesorios y Varios, tecno-plus",TRUE,Title,Default Title,11333,250,shopify,1,deny,manual,55000,63250,TRUE,FALSE,https://latiendatecno.com/wp-content/uploads/2025/12/Diseno-sin-titulo-23.png,1,active
funda-correa-oford-azul-14-11330,"FUNDA CORREA OFORD AZUL 14""","<p>FUNDA CORREA OFORD AZUL 14"" con garantía oficial Tecno+.</p>",Tecno+,Accesorios y Varios,Accesorios y Varios,"Accesorios y Varios, tecno-plus",TRUE,Title,Default Title,11330,250,shopify,1,deny,manual,55000,63250,TRUE,FALSE,https://www.mtm.com.co/wp-content/uploads/2024/04/07404.jpg,1,active
jaltech-funda-correa-oxfor-15-pulgadas-11332,JALTECH FUNDA CORREA OXFOR 15 PULGADAS,<p>JALTECH FUNDA CORREA OXFOR 15 PULGADAS con garantía oficial Tecno+.</p>,Tecno+,Accesorios y Varios,Accesorios y Varios,"Accesorios y Varios, tecno-plus",TRUE,Title,Default Title,11332,250,shopify,2,deny,manual,50000,57500,TRUE,FALSE,https://andinotec.com/wp-content/uploads/2023/10/FUNDA-CORREA-OXFORD-NEGRA-156_11332_016-15.6_4-600x600-1.webp,1,active
portatil-hp-intel-celeron-14-dq3502la-512gb-estado-solido-8g,"PORTATIL HP INTEL CELERON 14"" DQ3502LA 512GB ESTADO SOLIDO 8GB RAM","<p>PORTATIL HP INTEL CELERON 14"" DQ3502LA 512GB ESTADO SOLIDO 8GB RAM con garantía oficial Tecno+.</p>",Tecno+,Cómputo y Accesorios,Cómputo y Accesorios,"Cómputo y Accesorios, tecno-plus",TRUE,Title,Default Title,SN: 5CD535DOLV,250,shopify,1,deny,manual,1350000,1552500,TRUE,FALSE,https://giftronic04.com/wp-content/uploads/2025/12/LOGO-2.jpg,1,active
portatil-hp-245-g10-sn: 5cg510478,PORTATIL HP 245 G10,<p>PORTATIL HP 245 G10 con garantía oficial Tecno+.</p>,Tecno+,Accesorios y Varios,Accesorios y Varios,"Accesorios y Varios, tecno-plus",TRUE,Title,Default Title,SN: 5CG510478,250,shopify,1,deny,manual,1600000,1840000,TRUE,FALSE,https://d1pc5hp1w29h96.cloudfront.net/catalog/product/cache/b3b166914d87ce343d4dc5ec5117b502/8/1/81S56LT-1_T1717516717.png,1,active
vidrio-ipad-7-8-9-9071,VIDRIO IPAD 7/8/9,<p>VIDRIO IPAD 7/8/9 con garantía oficial Tecno+.</p>,Tecno+,Accesorios y Varios,Accesorios y Varios,"Accesorios y Varios, tecno-plus",TRUE,Title,Default Title,9071,250,shopify,2,deny,manual,30000,34500,TRUE,FALSE,https://http2.mlstatic.com/D_NQ_NP_883558-MLA81924278354_022025-O.webp,1,active
vidrio-ipad-air-4-5-9077,VIDRIO IPAD AIR 4/5,<p>VIDRIO IPAD AIR 4/5 con garantía oficial Tecno+.</p>,Tecno+,Accesorios y Varios,Accesorios y Varios,"Accesorios y Varios, tecno-plus",TRUE,Title,Default Title,9077,250,shopify,1,deny,manual,30000,34500,TRUE,FALSE,https://http2.mlstatic.com/D_NQ_NP_974497-MLC50011519147_052022-O-lamina-de-vidrio-templado-para-ipad-air-4-air-5-de-109.webp,1,active
vidrio-ipad-air-11-2024-9076,VIDRIO IPAD AIR 11 (2024),<p>VIDRIO IPAD AIR 11 (2024) con garantía oficial Tecno+.</p>,Tecno+,Accesorios y Varios,Accesorios y Varios,"Accesorios y Varios, tecno-plus",TRUE,Title,Default Title,9076,250,shopify,1,deny,manual,30000,34500,TRUE,FALSE,https://http2.mlstatic.com/D_NQ_NP_837196-MLA80250729500_112024-O.webp,1,active
vidrio-ipad-air-13-2024-9072,VIDRIO IPAD AIR 13 (2024),<p>VIDRIO IPAD AIR 13 (2024) con garantía oficial Tecno+.</p>,Tecno+,Accesorios y Varios,Accesorios y Varios,"Accesorios y Varios, tecno-plus",TRUE,Title,Default Title,9072,250,shopify,1,deny,manual,40000,46000,TRUE,FALSE,https://cdnx.jumpseller.com/catracho-store/image/51148844/IMG_1283.jpg?1722046013,1,active
vidrio-ipad-pro-13-2024-9073,VIDRIO IPAD PRO 13 (2024),<p>VIDRIO IPAD PRO 13 (2024) con garantía oficial Tecno+.</p>,Tecno+,Accesorios y Varios,Accesorios y Varios,"Accesorios y Varios, tecno-plus",TRUE,Title,Default Title,9073,250,shopify,1,deny,manual,50000,57500,TRUE,FALSE,https://worlddata.com.pe/wp-content/uploads/2026/02/IPAD-PRO-13-2024-2.jpeg,1,active
vdrio-ipad-11-10-9-ipad 11,VDRIO IPAD 11/10.9,<p>VDRIO IPAD 11/10.9 con garantía oficial Tecno+.</p>,Tecno+,Accesorios y Varios,Accesorios y Varios,"Accesorios y Varios, tecno-plus",TRUE,Title,Default Title,IPAD 11,250,shopify,2,deny,manual,30000,34500,TRUE,FALSE,https://www.icentercolombia.com/cdn/shop/products/protector-pantalla-vidrio-templado-ipad-11-2018_2f415ecb-58ce-4d8a-a159-8df6bd76052d_800x.jpg?v=1674757795,1,active
vidrio-ipad-pro-11-9074,VIDRIO IPAD PRO 11,<p>VIDRIO IPAD PRO 11 con garantía oficial Tecno+.</p>,Tecno+,Accesorios y Varios,Accesorios y Varios,"Accesorios y Varios, tecno-plus",TRUE,Title,Default Title,9074,250,shopify,1,deny,manual,30000,34500,TRUE,FALSE,https://www.icentercolombia.com/cdn/shop/files/PortadaPro11.jpg?v=1720641560,1,active
space-iphone-9120,SPACE IPHONE,<p>SPACE IPHONE con garantía oficial Tecno+.</p>,Tecno+,Accesorios y Varios,Accesorios y Varios,"Accesorios y Varios, tecno-plus",TRUE,Title,Default Title,9120,250,shopify,56,deny,manual,15000,17250,TRUE,FALSE,https://iphoneislam.com/wp-content/uploads/2026/04/iphones-in-space-nasa-brings-17-pros-on-board-artemis-mission-0.png,1,active
case-silicone-iphone-9123,CASE SILICONE IPHONE,<p>CASE SILICONE IPHONE con garantía oficial Tecno+.</p>,Tecno+,Accesorios y Varios,Accesorios y Varios,"Accesorios y Varios, tecno-plus",TRUE,Title,Default Title,9123,250,shopify,52,deny,manual,15000,17250,TRUE,FALSE,https://i.pinimg.com/originals/d1/71/4d/d1714ddc286318ade2bc47cf9498a939.jpg,1,active
space-android-43,SPACE ANDROID,<p>SPACE ANDROID con garantía oficial Tecno+.</p>,Tecno+,Accesorios y Varios,Accesorios y Varios,"Accesorios y Varios, tecno-plus",TRUE,Title,Default Title,43,250,shopify,83,deny,manual,15000,17250,TRUE,FALSE,https://img.itch.zone/aW1hZ2UvMzEzODc1Ni8xODc1MjMxNS5wbmc=/original/9YsqZN.png,1,active
case-silicone-iphone-17-pro-max-5003,CASE SILICONE IPHONE 17 PRO MAX,<p>CASE SILICONE IPHONE 17 PRO MAX con garantía oficial Tecno+.</p>,Tecno+,Accesorios y Varios,Accesorios y Varios,"Accesorios y Varios, tecno-plus",TRUE,Title,Default Title,5003,250,shopify,4,deny,manual,18000,20700,TRUE,FALSE,https://images.unsplash.com/photo-1695048133142-1a20484d2569?auto=format&fit=crop&w=800&q=80,1,active
case-silicon-iphone-17-pro-tec-378,CASE SILICON IPHONE 17 PRO,<p>CASE SILICON IPHONE 17 PRO con garantía oficial Tecno+.</p>,Tecno+,Accesorios y Varios,Accesorios y Varios,"Accesorios y Varios, tecno-plus",TRUE,Title,Default Title,TEC-378,250,shopify,5,deny,manual,18000,20700,TRUE,FALSE,http://carzacases.uy/cdn/shop/files/ImagendeWhatsApp2025-09-17alas16.15.48_c780cb6b.jpg?v=1758671391,1,active
case-silicone-iphone-17-air-5004,CASE SILICONE IPHONE 17 AIR,<p>CASE SILICONE IPHONE 17 AIR con garantía oficial Tecno+.</p>,Tecno+,Accesorios y Varios,Accesorios y Varios,"Accesorios y Varios, tecno-plus",TRUE,Title,Default Title,5004,250,shopify,3,deny,manual,18000,20700,TRUE,FALSE,https://www.cityphones.com.au/wp-content/uploads/2025/09/pink-silicone-case-for-IPhone-17-Air.webp,1,active
case-silicon-iphone-17-5005,CASE SILICON IPHONE 17,<p>CASE SILICON IPHONE 17 con garantía oficial Tecno+.</p>,Tecno+,Accesorios y Varios,Accesorios y Varios,"Accesorios y Varios, tecno-plus",TRUE,Title,Default Title,5005,250,shopify,3,deny,manual,18000,20700,TRUE,FALSE,http://carzacases.uy/cdn/shop/files/ImagendeWhatsApp2025-09-17alas16.15.49_1e74cb64.jpg?v=1758671420,1,active
vidrios-antiespia-9139,VIDRIOS ANTIESPIA,<p>VIDRIOS ANTIESPIA con garantía oficial Tecno+.</p>,Tecno+,Accesorios y Varios,Accesorios y Varios,"Accesorios y Varios, tecno-plus",TRUE,Title,Default Title,9139,250,shopify,19,deny,manual,10000,11500,TRUE,FALSE,https://celplaza.com/wp-content/uploads/2025/11/WhatsApp-Image-2025-11-12-at-09.34.09-2048x2048.jpeg,1,active
vidrios-templados-9126,VIDRIOS TEMPLADOS,<p>VIDRIOS TEMPLADOS con garantía oficial Tecno+.</p>,Tecno+,Accesorios y Varios,Accesorios y Varios,"Accesorios y Varios, tecno-plus",TRUE,Title,Default Title,9126,250,shopify,176,deny,manual,10000,11500,TRUE,FALSE,https://http2.mlstatic.com/D_NQ_NP_806843-MLA84848804699_052025-O.webp,1,active
flex-de-iphone-13-tec-383,FLEX DE IPHONE 13,<p>FLEX DE IPHONE 13 con garantía oficial Tecno+.</p>,Tecno+,Accesorios y Varios,Accesorios y Varios,"Accesorios y Varios, tecno-plus",TRUE,Title,Default Title,TEC-383,250,shopify,56,deny,manual,9800,11270,TRUE,FALSE,https://ideastechnology.co/wp-content/uploads/2024/02/Flex-de-Carga-Iphone-13-Pro.jpg,1,active
flex-de-iphone-12-tec-384,FLEX DE IPHONE 12,<p>FLEX DE IPHONE 12 con garantía oficial Tecno+.</p>,Tecno+,Accesorios y Varios,Accesorios y Varios,"Accesorios y Varios, tecno-plus",TRUE,Title,Default Title,TEC-384,250,shopify,2,deny,manual,9800,11270,TRUE,FALSE,https://ideastechnology.co/wp-content/uploads/2024/02/Flex-de-Carga-Iphone-12-12-Pro-1.jpg,1,active
flex-iphone-12-pro-max-tec-385,FLEX IPHONE 12 PRO MAX,<p>FLEX IPHONE 12 PRO MAX con garantía oficial Tecno+.</p>,Tecno+,Accesorios y Varios,Accesorios y Varios,"Accesorios y Varios, tecno-plus",TRUE,Title,Default Title,TEC-385,250,shopify,15,deny,manual,9800,11270,TRUE,FALSE,https://mayoreo.mundoinnovacionhn.com/wp-content/uploads/2022/12/173674-Flex-de-carga-IP-12-PM-ORG.jpg,1,active
flex-iphone-14-pro-14-pro-tec-386,FLEX IPHONE 14 PRO/14 PRO+,<p>FLEX IPHONE 14 PRO/14 PRO+ con garantía oficial Tecno+.</p>,Tecno+,Accesorios y Varios,Accesorios y Varios,"Accesorios y Varios, tecno-plus",TRUE,Title,Default Title,TEC-386,250,shopify,3,deny,manual,9800,11270,TRUE,FALSE,https://iphorepa.com/11809-large_default/iphone-14-pro-flex-de-carga-original-refurbished.jpg,1,active
flex-de-iphone-13-pro-max-tec-387,FLEX DE IPHONE 13 PRO MAX,<p>FLEX DE IPHONE 13 PRO MAX con garantía oficial Tecno+.</p>,Tecno+,Accesorios y Varios,Accesorios y Varios,"Accesorios y Varios, tecno-plus",TRUE,Title,Default Title,TEC-387,250,shopify,97,deny,manual,9800,11270,TRUE,FALSE,https://http2.mlstatic.com/D_NQ_NP_846872-MLM73723597023_122023-O-flex-de-flash-y-microfono-frontal-para-iphone-13-pro-max.webp,1,active
flex-de-iphone-11-tec-388,FLEX DE IPHONE 11,<p>FLEX DE IPHONE 11 con garantía oficial Tecno+.</p>,Tecno+,Accesorios y Varios,Accesorios y Varios,"Accesorios y Varios, tecno-plus",TRUE,Title,Default Title,TEC-388,250,shopify,10,deny,manual,9800,11270,TRUE,FALSE,https://ideastechnology.co/wp-content/uploads/2024/02/Flex-de-Carga-Iphone-11-Premium.jpg,1,active
sim-card-movistar-tec-389,SIM CARD MOVISTAR,<p>SIM CARD MOVISTAR con garantía oficial Tecno+.</p>,Tecno+,Accesorios y Varios,Accesorios y Varios,"Accesorios y Varios, tecno-plus",TRUE,Title,Default Title,TEC-389,250,shopify,4,deny,manual,5000,5750,TRUE,FALSE,https://losnovedosos.com/wp-content/uploads/2023/07/Sin-titulo-1000-x-1000-px-4.jpg,1,active
sim-card-tigo-200001,SIM CARD TIGO,<p>SIM CARD TIGO con garantía oficial Tecno+.</p>,Tecno+,Accesorios y Varios,Accesorios y Varios,"Accesorios y Varios, tecno-plus",TRUE,Title,Default Title,200001,250,shopify,4,deny,manual,5000,5750,TRUE,FALSE,https://prodcdnmobisoft.oxxodomicilios.com/01HTD6X8DR9KAJCETSFC22S4SX.jpg,1,active
sim-card-wom-200003,SIM CARD WOM,<p>SIM CARD WOM con garantía oficial Tecno+.</p>,Tecno+,Accesorios y Varios,Accesorios y Varios,"Accesorios y Varios, tecno-plus",TRUE,Title,Default Title,200003,250,shopify,2,deny,manual,5000,5750,TRUE,FALSE,https://chocale.cl/wp-content/uploads/2023/06/chip-sim-wom-prepago.jpg,1,active
adaptador-qualcomm-3-0-vidvie-ca11q,ADAPTADOR QUALCOMM 3.0 VIDVIE,<p>ADAPTADOR QUALCOMM 3.0 VIDVIE con garantía oficial Tecno+.</p>,Tecno+,Accesorios y Varios,Accesorios y Varios,"Accesorios y Varios, tecno-plus",TRUE,Title,Default Title,CA11Q,250,shopify,12,deny,manual,25000,28750,TRUE,FALSE,https://www.vidvie.hk/Uploads/20240613/1718265608484807.jpg,1,active
headset-bluetooth-huawey-9083,HEADSET BLUETOOTH HUAWEY,<p>HEADSET BLUETOOTH HUAWEY con garantía oficial Tecno+.</p>,Tecno+,Accesorios y Varios,Accesorios y Varios,"Accesorios y Varios, tecno-plus",TRUE,Title,Default Title,9083,250,shopify,3,deny,manual,15000,17250,TRUE,FALSE,https://img.pccomponentes.com/articles/1088/10889607/1384-auriculares-huawei-inalambricos-bluetooth-53-con-cancelacion-de-ruido-y-microfono.jpg,1,active
headset-bluetooth-samsung-9082,HEADSET BLUETOOTH SAMSUNG,<p>HEADSET BLUETOOTH SAMSUNG con garantía oficial Tecno+.</p>,Tecno+,Accesorios y Varios,Accesorios y Varios,"Accesorios y Varios, tecno-plus",TRUE,Title,Default Title,9082,250,shopify,2,deny,manual,15000,17250,TRUE,FALSE,https://static.tudo.lk/uploads/2023/03-08/thumb/bluetooth-headsets-samsung-16784718383825786-300x300.webp,1,active
headset-bluetooth-iphone-9084,HEADSET BLUETOOTH IPHONE,<p>HEADSET BLUETOOTH IPHONE con garantía oficial Tecno+.</p>,Tecno+,Accesorios y Varios,Accesorios y Varios,"Accesorios y Varios, tecno-plus",TRUE,Title,Default Title,9084,250,shopify,3,deny,manual,15000,17250,TRUE,FALSE,https://ae01.alicdn.com/kf/Sc36b9fc9ff594e2fb0cc3e34fcf61d17s/Auriculares-inal-mbricos-con-Bluetooth-dispositivo-de-audio-original-para-iphone-de-Apple-15promax-14-13.jpg,1,active
tarjeta-de-red-usb-lan-01-10178,TARJETA DE RED USB LAN 01,<p>TARJETA DE RED USB LAN 01 con garantía oficial Tecno+.</p>,Tecno+,Cómputo y Accesorios,Cómputo y Accesorios,"Cómputo y Accesorios, tecno-plus",TRUE,Title,Default Title,10178,250,shopify,4,deny,manual,35000,40250,TRUE,FALSE,https://jaltechsas.com/wp-content/uploads/2019/05/Tarjeta de red USB_10178_LAN-01_1-600x600.png,1,active
heb30-20-10977,HEB30-20,<p>HEB30-20 con garantía oficial Tecno+.</p>,Tecno+,Accesorios y Varios,Accesorios y Varios,"Accesorios y Varios, tecno-plus",TRUE,Title,Default Title,10977,250,shopify,3,deny,manual,35000,40250,TRUE,FALSE,https://ae01.alicdn.com/kf/Hc78e56d393e54c47be4f5596ada3100ec.jpg,1,active
vidvie-audifonos-hearing-hs604,VIDVIE Audifonos HEARING,<p>VIDVIE Audifonos HEARING con garantía oficial Tecno+.</p>,Tecno+,Audífonos y Diademas,Audífonos y Diademas,"Audífonos y Diademas, tecno-plus",TRUE,Title,Default Title,HS604,250,shopify,4,deny,manual,35000,40250,TRUE,FALSE,https://losnovedosos.com/wp-content/uploads/2023/06/MODELO-HS-604.jpg,1,active
bateria-iph-13-mini-9079,BATERIA IPH 13 MINI,<p>BATERIA IPH 13 MINI con garantía oficial Tecno+.</p>,Tecno+,Cargadores y Energía,Cargadores y Energía,"Cargadores y Energía, tecno-plus",TRUE,Title,Default Title,9079,250,shopify,1,deny,manual,80000,92000,TRUE,FALSE,https://2dmdigital.com/wp-content/uploads/2025/12/3918_imagen_1.png,1,active
bateria-iph-12-mini-9080,BATERIA IPH 12 MINI,<p>BATERIA IPH 12 MINI con garantía oficial Tecno+.</p>,Tecno+,Cargadores y Energía,Cargadores y Energía,"Cargadores y Energía, tecno-plus",TRUE,Title,Default Title,9080,250,shopify,1,deny,manual,80000,92000,TRUE,FALSE,https://dmax.pe/wp-content/uploads/2025/06/Bateria-iPhone12-mini-Dmax.webp,1,active
bateria-iph-13-pro-9081,BATERIA IPH 13 PRO,<p>BATERIA IPH 13 PRO con garantía oficial Tecno+.</p>,Tecno+,Cargadores y Energía,Cargadores y Energía,"Cargadores y Energía, tecno-plus",TRUE,Title,Default Title,9081,250,shopify,1,deny,manual,70000,80500,TRUE,FALSE,https://http2.mlstatic.com/D_NQ_NP_721144-MCO69927372797_062023-O.webp,1,active
adaptador-tipo-c-a-3-5mm-carga-jbco-30662,ADAPTADOR TIPO C A 3.5MM + CARGA JBCO,<p>ADAPTADOR TIPO C A 3.5MM + CARGA JBCO con garantía oficial Tecno+.</p>,Tecno+,Cables y Conectividad,Cables y Conectividad,"Cables y Conectividad, tecno-plus",TRUE,Title,Default Title,30662,250,shopify,1,deny,manual,25000,28750,TRUE,FALSE,https://http2.mlstatic.com/D_NQ_NP_621617-MCO72357429545_102023-O.webp,1,active
adaptador-lighting-a-3-5mm-carga-j-30663,ADAPTADOR LIGHTING A 3.5MM + CARGA J,<p>ADAPTADOR LIGHTING A 3.5MM + CARGA J con garantía oficial Tecno+.</p>,Tecno+,Accesorios y Varios,Accesorios y Varios,"Accesorios y Varios, tecno-plus",TRUE,Title,Default Title,30663,250,shopify,1,deny,manual,25000,28750,TRUE,FALSE,https://jaltechsas.com/wp-content/uploads/2024/08/ADAPTADOR-LIGHTNING-A-3.5MM-+-CARGA_30663_JBC029_1.png,1,active
portable-lanyard-type-c-a-otg-adapter-al1129,PORTABLE LANYARD TYPE-C A OTG ADAPTER,<p>PORTABLE LANYARD TYPE-C A OTG ADAPTER con garantía oficial Tecno+.</p>,Tecno+,Accesorios y Varios,Accesorios y Varios,"Accesorios y Varios, tecno-plus",TRUE,Title,Default Title,AL1129,250,shopify,1,deny,manual,25000,28750,TRUE,FALSE,https://vidvie.hk/Uploads/20250923/1758592398419868.png?eo-img.format=webp,1,active
jaltech-herramienta-de-limpieza-80344,JALTECH HERRAMIENTA DE LIMPIEZA,<p>JALTECH HERRAMIENTA DE LIMPIEZA con garantía oficial Tecno+.</p>,Tecno+,Accesorios y Varios,Accesorios y Varios,"Accesorios y Varios, tecno-plus",TRUE,Title,Default Title,80344,250,shopify,2,deny,manual,20000,23000,TRUE,FALSE,https://jaltechsas.com/wp-content/uploads/2023/08/HERRAMIENTA-DE-LIMPIEZA_80344_JAL-H-01_1-768x768.png,1,active
jaltech-guaya-con-clave-1021971,JALTECH GUAYA CON CLAVE,<p>JALTECH GUAYA CON CLAVE con garantía oficial Tecno+.</p>,Tecno+,Accesorios y Varios,Accesorios y Varios,"Accesorios y Varios, tecno-plus",TRUE,Title,Default Title,1021971,250,shopify,2,deny,manual,25000,28750,TRUE,FALSE,https://lasmejorescompras.com/wp-content/uploads/2026/03/GUAYA-CON-CLAVE_10219_CL-02_1-600x600.png,1,active
usb-rj45-extension-adapter-mst-1101g-7,USB RJ45 EXTENSION ADAPTER,<p>USB RJ45 EXTENSION ADAPTER con garantía oficial Tecno+.</p>,Tecno+,Cómputo y Accesorios,Cómputo y Accesorios,"Cómputo y Accesorios, tecno-plus",TRUE,Title,Default Title,MST-1101G-7,250,shopify,2,deny,manual,20000,23000,TRUE,FALSE,https://m.media-amazon.com/images/I/61yZF2W8t+L._AC_SL1500_.jpg,1,active
convertidor-usb-3-0-a-rj45-lan-gigabit-10881,CONVERTIDOR USB 3.0 A RJ45 LAN GIGABIT,<p>CONVERTIDOR USB 3.0 A RJ45 LAN GIGABIT con garantía oficial Tecno+.</p>,Tecno+,Cables y Conectividad,Cables y Conectividad,"Cables y Conectividad, tecno-plus",TRUE,Title,Default Title,10881,250,shopify,3,deny,manual,60000,69000,TRUE,FALSE,https://wirtec.com.co/wp-content/uploads/2021/10/CONVER.-USB-3.0-A-RJ45-LAN-GIGABIT_10881_B556_1.png,1,active
mini-otg-3-en-1-rxy-006e-30790,MINI OTG 3 EN 1 RXY 006E,<p>MINI OTG 3 EN 1 RXY 006E con garantía oficial Tecno+.</p>,Tecno+,Accesorios y Varios,Accesorios y Varios,"Accesorios y Varios, tecno-plus",TRUE,Title,Default Title,30790,250,shopify,2,deny,manual,60000,69000,TRUE,FALSE,https://paisatech.co/wp-content/uploads/2026/02/MINI-OTG-3-EN-1-RXY-006E_30790_RXY-006E_2-300x300.png,1,active
memoria-usb-4-gb-kington-4444,MEMORIA USB 4 GB KINGTON,<p>MEMORIA USB 4 GB KINGTON con garantía oficial Tecno+.</p>,Tecno+,Cómputo y Accesorios,Cómputo y Accesorios,"Cómputo y Accesorios, tecno-plus",TRUE,Title,Default Title,4444,250,shopify,2,deny,manual,20000,23000,TRUE,FALSE,https://http2.mlstatic.com/D_NQ_NP_656239-MCO46094005083_052021-F.jpg,1,active
memoria-usb-de-8-gb-tec-411,MEMORIA USB DE 8 GB,<p>MEMORIA USB DE 8 GB con garantía oficial Tecno+.</p>,Tecno+,Cómputo y Accesorios,Cómputo y Accesorios,"Cómputo y Accesorios, tecno-plus",TRUE,Title,Default Title,TEC-411,250,shopify,2,deny,manual,25000,28750,TRUE,FALSE,https://i5.walmartimages.com.mx/mg/gm/1p/images/product-images/img_large/00074061713895l.jpg,1,active
memoria-usb-16-gb-1616,memoria usb 16 gb,<p>memoria usb 16 gb con garantía oficial Tecno+.</p>,Tecno+,Cómputo y Accesorios,Cómputo y Accesorios,"Cómputo y Accesorios, tecno-plus",TRUE,Title,Default Title,1616,250,shopify,2,deny,manual,25000,28750,TRUE,FALSE,https://www.selfpaper.com/_imagenes_p/informatica-cartuchos-toner/pen-drive-16-gigas-memoria-usb-16-gb-p.jpg,1,active
memoria-usb-32-gb-kingston-3232,MEMORIA USB 32 GB KINGSTON,<p>MEMORIA USB 32 GB KINGSTON con garantía oficial Tecno+.</p>,Tecno+,Cómputo y Accesorios,Cómputo y Accesorios,"Cómputo y Accesorios, tecno-plus",TRUE,Title,Default Title,3232,250,shopify,1,deny,manual,30000,34500,TRUE,FALSE,https://i5.walmartimages.com.mx/gr/images/product-images/img_large/00074061721171L.jpg,1,active
memoria-usb-de-64-gb-9093,MEMORIA USB DE 64 GB,<p>MEMORIA USB DE 64 GB con garantía oficial Tecno+.</p>,Tecno+,Cómputo y Accesorios,Cómputo y Accesorios,"Cómputo y Accesorios, tecno-plus",TRUE,Title,Default Title,9093,250,shopify,1,deny,manual,40000,46000,TRUE,FALSE,https://jsuministros.com/wp-content/uploads/2022/09/memoria-usb-kingston-datatraveler-exodia-64-gb-3-2_DTX-64GB.png,1,active
memoria-usb-128-gb-samsung-tec-415,MEMORIA USB 128 GB SAMSUNG,<p>MEMORIA USB 128 GB SAMSUNG con garantía oficial Tecno+.</p>,Tecno+,Cómputo y Accesorios,Cómputo y Accesorios,"Cómputo y Accesorios, tecno-plus",TRUE,Title,Default Title,TEC-415,250,shopify,1,deny,manual,50000,57500,TRUE,FALSE,https://http2.mlstatic.com/D_NQ_NP_991064-MLM50638685931_072022-O.webp,1,active
memoria-usb-256-gb-samsung-9095,MEMORIA USB 256 GB SAMSUNG,<p>MEMORIA USB 256 GB SAMSUNG con garantía oficial Tecno+.</p>,Tecno+,Cómputo y Accesorios,Cómputo y Accesorios,"Cómputo y Accesorios, tecno-plus",TRUE,Title,Default Title,9095,250,shopify,1,deny,manual,60000,69000,TRUE,FALSE,https://http2.mlstatic.com/D_NQ_NP_707132-MCO71933434526_092023-O.webp,1,active
micro-sd-4-gb-the-leader-9087,MICRO SD 4 GB THE LEADER,<p>MICRO SD 4 GB THE LEADER con garantía oficial Tecno+.</p>,Tecno+,Cómputo y Accesorios,Cómputo y Accesorios,"Cómputo y Accesorios, tecno-plus",TRUE,Title,Default Title,9087,250,shopify,1,deny,manual,15000,17250,TRUE,FALSE,https://goci.ci/wp-content/uploads/2024/12/carte-memoire-micro-sd-4-gb-garantie-1-mois-1.jpg,1,active
micro-sd-8gb-9088,MICRO SD 8GB,<p>MICRO SD 8GB con garantía oficial Tecno+.</p>,Tecno+,Cómputo y Accesorios,Cómputo y Accesorios,"Cómputo y Accesorios, tecno-plus",TRUE,Title,Default Title,9088,250,shopify,5,deny,manual,20000,23000,TRUE,FALSE,https://cdn11.bigcommerce.com/s-mm9wpa/images/stencil/original/products/3012/12752/sandisk-industrial-8gb-micro-sd-card-3d-printer-1000x1000__03177.1684870289.jpg?c=2,1,active
memoria-micro-sd-de-16-gb-kington-16kb,MEMORIA MICRO SD DE 16 GB KINGTON,<p>MEMORIA MICRO SD DE 16 GB KINGTON con garantía oficial Tecno+.</p>,Tecno+,Cómputo y Accesorios,Cómputo y Accesorios,"Cómputo y Accesorios, tecno-plus",TRUE,Title,Default Title,16KB,250,shopify,3,deny,manual,25000,28750,TRUE,FALSE,https://i5.walmartimages.com.mx/mg/gm/1p/images/product-images/img_large/00074061725776l.jpg,1,active
memoria-micro-sd-32-gb-samsung-32233,MEMORIA MICRO SD 32 GB SAMSUNG,<p>MEMORIA MICRO SD 32 GB SAMSUNG con garantía oficial Tecno+.</p>,Tecno+,Cómputo y Accesorios,Cómputo y Accesorios,"Cómputo y Accesorios, tecno-plus",TRUE,Title,Default Title,32233,250,shopify,1,deny,manual,35000,40250,TRUE,FALSE,https://ddtech.mx/assets/uploads/89ece6b8813601f8d17505d1cf029f8b.png,1,active
micro-sd-de-64-gb-samsung-6464,MICRO SD DE 64 GB SAMSUNG,<p>MICRO SD DE 64 GB SAMSUNG con garantía oficial Tecno+.</p>,Tecno+,Cómputo y Accesorios,Cómputo y Accesorios,"Cómputo y Accesorios, tecno-plus",TRUE,Title,Default Title,6464,250,shopify,1,deny,manual,45000,51750,TRUE,FALSE,http://elnstore.com/cdn/shop/products/samsung64_1200x1200.jpg?v=1681279678,1,active
memoria-micro-sd-128-gb-samsung-tec-422,MEMORIA MICRO SD 128 GB SAMSUNG,<p>MEMORIA MICRO SD 128 GB SAMSUNG con garantía oficial Tecno+.</p>,Tecno+,Cómputo y Accesorios,Cómputo y Accesorios,"Cómputo y Accesorios, tecno-plus",TRUE,Title,Default Title,TEC-422,250,shopify,1,deny,manual,50000,57500,TRUE,FALSE,https://http2.mlstatic.com/D_NQ_NP_864695-MLA49005881192_022022-O.webp,1,active
micro-sd-de-256-gb-samsung-9090,MICRO SD DE 256 GB SAMSUNG,<p>MICRO SD DE 256 GB SAMSUNG con garantía oficial Tecno+.</p>,Tecno+,Cómputo y Accesorios,Cómputo y Accesorios,"Cómputo y Accesorios, tecno-plus",TRUE,Title,Default Title,9090,250,shopify,1,deny,manual,50000,57500,TRUE,FALSE,https://www.e-corp.es/3709748-thickbox_default/micro-sd-con-adaptador-pro-ultimate-256gb.jpg,1,active
caja-sata-gamer-2-5-3-0-jalgm-2-5-11382,"CAJA SATA GAMER 2.5"" 3.0 JALGM 2.5","<p>CAJA SATA GAMER 2.5"" 3.0 JALGM 2.5 con garantía oficial Tecno+.</p>",Tecno+,Gaming y TV Box,Gaming y TV Box,"Gaming y TV Box, tecno-plus",TRUE,Title,Default Title,11382,250,shopify,1,deny,manual,90000,103500,TRUE,FALSE,https://cambiosystem.com/wp-content/uploads/2026/03/Caja-Sata-Gamer-2.5plg-3.0-Jal-Gm-2.5-11382-1.png,1,active
caddy-hdd-mst-120362,CADDY HDD MST,<p>CADDY HDD MST con garantía oficial Tecno+.</p>,Tecno+,Accesorios y Varios,Accesorios y Varios,"Accesorios y Varios, tecno-plus",TRUE,Title,Default Title,120362,250,shopify,1,deny,manual,35000,40250,TRUE,FALSE,https://i5.walmartimages.com/asr/8dde9a36-e114-48d8-8426-8635eca22162.f0edb82c65982977739f4f49f5c97f9f.jpeg,1,active
jaltech-convertidor-usb-a-tipo-c-11017,JALTECH CONVERTIDOR USB A TIPO C,<p>JALTECH CONVERTIDOR USB A TIPO C con garantía oficial Tecno+.</p>,Tecno+,Cables y Conectividad,Cables y Conectividad,"Cables y Conectividad, tecno-plus",TRUE,Title,Default Title,11017,250,shopify,9,deny,manual,15000,17250,TRUE,FALSE,https://jaltechsas.com/wp-content/uploads/2021/02/CONVERTIDOR USB A USB TIPO C_11017_B579_2.png,1,active
convertidor-digital-lightning-a-tipo-c-30603,CONVERTIDOR DIGITAL LIGHTNING A TIPO C,<p>CONVERTIDOR DIGITAL LIGHTNING A TIPO C con garantía oficial Tecno+.</p>,Tecno+,Cables y Conectividad,Cables y Conectividad,"Cables y Conectividad, tecno-plus",TRUE,Title,Default Title,30603,250,shopify,6,deny,manual,25000,28750,TRUE,FALSE,https://olimpica.vtexassets.com/arquivos/ids/2147061/image-5c8fcb2198b348c1b050118822d5cd55.jpg?v=638907838798100000,1,active
convertidor-digital-tipo-c-a-3-5-mm-hembra-30602,CONVERTIDOR DIGITAL TIPO C A 3.5 MM HEMBRA,<p>CONVERTIDOR DIGITAL TIPO C A 3.5 MM HEMBRA con garantía oficial Tecno+.</p>,Tecno+,Cables y Conectividad,Cables y Conectividad,"Cables y Conectividad, tecno-plus",TRUE,Title,Default Title,30602,250,shopify,4,deny,manual,12000,13800,TRUE,FALSE,https://dcdn-us.mitiendanube.com/stores/002/823/623/products/whatsapp-image-2025-03-25-at-2-26-59-pm-19-315d1e754996b606ed17429402203264-1024-1024.jpeg,1,active
for-ip-3-5mm-audio-adapters-vs-ad01,FOR IP 3.5MM AUDIO ADAPTERS,<p>FOR IP 3.5MM AUDIO ADAPTERS con garantía oficial Tecno+.</p>,Tecno+,Sonido y Audio,Sonido y Audio,"Sonido y Audio, tecno-plus",TRUE,Title,Default Title,VS-AD01,250,shopify,3,deny,manual,25000,28750,TRUE,FALSE,"https://icdn.tradew.com/file/202308/1575939/jpg/7996755.jpg?x-oss-process=image/quality,Q_90",1,active
type-c-to-3-5mm-audio-adapters-vs-ad02,TYPE-C TO 3.5MM AUDIO ADAPTERS,<p>TYPE-C TO 3.5MM AUDIO ADAPTERS con garantía oficial Tecno+.</p>,Tecno+,Sonido y Audio,Sonido y Audio,"Sonido y Audio, tecno-plus",TRUE,Title,Default Title,VS-AD02,250,shopify,1,deny,manual,25000,28750,TRUE,FALSE,https://m.media-amazon.com/images/I/71t2wh3leOL.jpg,1,active
cubos-fly-energy-12w-c-300-c-300,CUBOS FLY ENERGY 12W C-300,<p>CUBOS FLY ENERGY 12W C-300 con garantía oficial Tecno+.</p>,Tecno+,Accesorios y Varios,Accesorios y Varios,"Accesorios y Varios, tecno-plus",TRUE,Title,Default Title,C-300,250,shopify,1,deny,manual,20000,23000,TRUE,FALSE,https://buytiti.com/wp-content/uploads/2026/02/CAR-320-PORTADA-1.jpg,1,active
cargador-m5-9098,CARGADOR M5,<p>CARGADOR M5 con garantía oficial Tecno+.</p>,Tecno+,Cargadores y Energía,Cargadores y Energía,"Cargadores y Energía, tecno-plus",TRUE,Title,Default Title,9098,250,shopify,2,deny,manual,25000,28750,TRUE,FALSE,https://icscooter.com/1183-medium_default/cargador-m5.jpg,1,active
tarjeta-de-sonido-7-1-10177,TARJETA DE SONIDO 7.1,<p>TARJETA DE SONIDO 7.1 con garantía oficial Tecno+.</p>,Tecno+,Sonido y Audio,Sonido y Audio,"Sonido y Audio, tecno-plus",TRUE,Title,Default Title,10177,250,shopify,9,deny,manual,20000,23000,TRUE,FALSE,https://http2.mlstatic.com/D_NQ_NP_942107-MLA100096866175_122025-O.webp,1,active
usb-wireless-dongle-atm-701,USB WIRELESS DONGLE,<p>USB WIRELESS DONGLE con garantía oficial Tecno+.</p>,Tecno+,Cómputo y Accesorios,Cómputo y Accesorios,"Cómputo y Accesorios, tecno-plus",TRUE,Title,Default Title,ATM-701,250,shopify,5,deny,manual,25000,28750,TRUE,FALSE,https://store.spectrumvoip.com/cdn/shop/files/shopify_product_template_2000px_0001_600m_wireless_usb_adapter_2.jpg?v=1735934948,1,active
usbhub-3-0-9099,USBHUB 3.0,<p>USBHUB 3.0 con garantía oficial Tecno+.</p>,Tecno+,Cómputo y Accesorios,Cómputo y Accesorios,"Cómputo y Accesorios, tecno-plus",TRUE,Title,Default Title,9099,250,shopify,1,deny,manual,40000,46000,TRUE,FALSE,https://5.imimg.com/data5/SELLER/Default/2024/6/429637326/WX/BF/LA/114012098/usbhub-3-0-800x800-1000x1000.jpg,1,active
hub-5-10800,HUB-5,<p>HUB-5 con garantía oficial Tecno+.</p>,Tecno+,Cómputo y Accesorios,Cómputo y Accesorios,"Cómputo y Accesorios, tecno-plus",TRUE,Title,Default Title,10800,250,shopify,1,deny,manual,20000,23000,TRUE,FALSE,https://tu360compras.bancolombia.com/409883-medium_default/hub-usb-20-switch-led-x7-hub5-10800.jpg,1,active
mini-audio-dongle-3-5-mm-10569,MINI AUDIO DONGLE 3.5 MM,<p>MINI AUDIO DONGLE 3.5 MM con garantía oficial Tecno+.</p>,Tecno+,Sonido y Audio,Sonido y Audio,"Sonido y Audio, tecno-plus",TRUE,Title,Default Title,10569,250,shopify,3,deny,manual,30000,34500,TRUE,FALSE,https://ios-pos.com/wp-content/uploads/2025/04/MINI-AUDIO-DONGLE-3.5MM_10569_B427_1.png,1,active
car-wireless-9100,CAR WIRELESS,<p>CAR WIRELESS con garantía oficial Tecno+.</p>,Tecno+,Accesorios y Varios,Accesorios y Varios,"Accesorios y Varios, tecno-plus",TRUE,Title,Default Title,9100,250,shopify,1,deny,manual,15000,17250,TRUE,FALSE,https://ae01.alicdn.com/kf/Sbbf4e1c927894f06a034eb0911e80b6eb/DM9100-Car-Walkie-Talkie-DMR-Digital-And-Analog-Signal-UV-Double-Band-25W-Self-driving-Bluetooth.png,1,active
microfono-tx-peludo-3-en-1-f11-1en1-30703,MICROFONO TX PELUDO 3 EN 1 F11 1EN1,<p>MICROFONO TX PELUDO 3 EN 1 F11 1EN1 con garantía oficial Tecno+.</p>,Tecno+,Accesorios y Varios,Accesorios y Varios,"Accesorios y Varios, tecno-plus",TRUE,Title,Default Title,30703,250,shopify,2,deny,manual,130000,149500,TRUE,FALSE,https://cambiosystem.com/wp-content/uploads/2025/02/Microfono-Tx-De-Solapa-Iphone-–-F9-Ip-2-1.png,1,active
microfono-tx-peludo-2-en-1-set-x2-f15-30706,MICROFONO TX PELUDO 2 EN 1 SET X2 F15,<p>MICROFONO TX PELUDO 2 EN 1 SET X2 F15 con garantía oficial Tecno+.</p>,Tecno+,Accesorios y Varios,Accesorios y Varios,"Accesorios y Varios, tecno-plus",TRUE,Title,Default Title,30706,250,shopify,2,deny,manual,180000,207000,TRUE,FALSE,https://jaltechsas.com/wp-content/uploads/2024/09/MICROFONO TX PELUDO 2 EN 1 SET X2_30705_F15-2-2N1_1-600x600.png,1,active
cable-adaptador-hdmi-a-hdmi-vga-lh1-11748,CABLE ADAPTADOR HDMI A HDMI + VGA LH1,<p>CABLE ADAPTADOR HDMI A HDMI + VGA LH1 con garantía oficial Tecno+.</p>,Tecno+,Cables y Conectividad,Cables y Conectividad,"Cables y Conectividad, tecno-plus",TRUE,Title,Default Title,11748,250,shopify,2,deny,manual,60000,69000,TRUE,FALSE,https://robots.net/wp-content/uploads/2023/09/12-amazing-hdmi-to-vga-cable-for-2023-1696052587.jpg,1,active
caja-sata-2-5-usb-3-0-transparente-11288,"CAJA SATA 2.5""USB 3.0 TRANSPARENTE","<p>CAJA SATA 2.5""USB 3.0 TRANSPARENTE con garantía oficial Tecno+.</p>",Tecno+,Cómputo y Accesorios,Cómputo y Accesorios,"Cómputo y Accesorios, tecno-plus",TRUE,Title,Default Title,11288,250,shopify,2,deny,manual,45000,51750,TRUE,FALSE,https://cambiosystem.com/wp-content/uploads/2024/07/CAJA-SATA-2.5-USB-3.0-TRANSPARENTE_11288_LH063_4-600x600-1.png,1,active
magnetic-charger-to-usb-cable-1m-9102,MAGNETIC CHARGER TO USB CABLE 1M,<p>MAGNETIC CHARGER TO USB CABLE 1M con garantía oficial Tecno+.</p>,Tecno+,Cables y Conectividad,Cables y Conectividad,"Cables y Conectividad, tecno-plus",TRUE,Title,Default Title,9102,250,shopify,1,deny,manual,100000,115000,TRUE,FALSE,https://ae01.alicdn.com/kf/S85c4574bba5649b28be8118686c40edaK/1M-Round-Magnetic-USB-Charging-Cable-Magnet-Data-Charger-Type-C-Cable-Micro-USB-Cable-Lightning.jpg,1,active
magnetic-fast-charger-to-usb-c-cable-1m-9101,MAGNETIC FAST CHARGER TO USB-C CABLE 1M,<p>MAGNETIC FAST CHARGER TO USB-C CABLE 1M con garantía oficial Tecno+.</p>,Tecno+,Cables y Conectividad,Cables y Conectividad,"Cables y Conectividad, tecno-plus",TRUE,Title,Default Title,9101,250,shopify,2,deny,manual,100000,115000,TRUE,FALSE,https://d3e54emdgoy1fq.cloudfront.net/uploads/standard_product/image/418161/large_3cdc1-PrimeCables-PC-MagCC0012-1m-USB-C-Type-C-Magnetic-USB-C-to-USB-C-Charging-Cable-1m.jpg,1,active
convertidor-vga-a-hdmi-nt-3077-convertidor vga a hdmi nt-307,CONVERTIDOR VGA A HDMI NT-3077,<p>CONVERTIDOR VGA A HDMI NT-3077 con garantía oficial Tecno+.</p>,Tecno+,Cables y Conectividad,Cables y Conectividad,"Cables y Conectividad, tecno-plus",TRUE,Title,Default Title,CONVERTIDOR VGA A HDMI NT-3077,250,shopify,1,deny,manual,58000,66700,TRUE,FALSE,https://megabass.com.py/wp-content/uploads/2024/03/VGA-A-HDMI-700x561.png,1,active
watch-charger-magnetic-type-c-wlc1411-t-vidvie-wlc1411-t,WATCH CHARGER MAGNETIC TYPE-C WLC1411-T VIDVIE,<p>WATCH CHARGER MAGNETIC TYPE-C WLC1411-T VIDVIE con garantía oficial Tecno+.</p>,Tecno+,Smartwatch y Relojes,Smartwatch y Relojes,"Smartwatch y Relojes, tecno-plus",TRUE,Title,Default Title,WLC1411-T,250,shopify,2,deny,manual,50000,57500,TRUE,FALSE,https://www.ecologictech.com.uy/contentimg/11234/1/d/ProdImage_I02193_1_pic.jpg,1,active
airtag-4-pack-1022,AIRTAG 4 PACK,<p>AIRTAG 4 PACK con garantía oficial Tecno+.</p>,Tecno+,Accesorios y Varios,Accesorios y Varios,"Accesorios y Varios, tecno-plus",TRUE,Title,Default Title,1022,250,shopify,1,deny,manual,180000,207000,TRUE,FALSE,https://www.bhphotovideo.com/images/fb/apple_mx542ll_a_apple_airtag_4_pack_1847954.jpg,1,active
hub-usb-tipo-c-8-en-1-hdtv-lh036-11234,HUB USB TIPO C 8 EN 1 HDTV LH036,<p>HUB USB TIPO C 8 EN 1 HDTV LH036 con garantía oficial Tecno+.</p>,Tecno+,Cómputo y Accesorios,Cómputo y Accesorios,"Cómputo y Accesorios, tecno-plus",TRUE,Title,Default Title,11234,250,shopify,3,deny,manual,180000,207000,TRUE,FALSE,https://cambiosystem.com/wp-content/uploads/2024/03/Hub-Usb-Tipo-C-8-En-1-Hdtv-Lh036.png,1,active
microfono-tx-de-solapa-tipo-c-f9-tc-30699,MICROFONO TX DE SOLAPA TIPO C F9 TC,<p>MICROFONO TX DE SOLAPA TIPO C F9 TC con garantía oficial Tecno+.</p>,Tecno+,Accesorios y Varios,Accesorios y Varios,"Accesorios y Varios, tecno-plus",TRUE,Title,Default Title,30699,250,shopify,2,deny,manual,80000,92000,TRUE,FALSE,https://jaltechsas.com/wp-content/uploads/2024/09/MICROFONO TX DE SOLAPA TIPO C_30699_F9-TC_2.png,1,active
caja-convertidora-rca-a-hdmi-10870,CAJA CONVERTIDORA RCA A HDMI,<p>CAJA CONVERTIDORA RCA A HDMI con garantía oficial Tecno+.</p>,Tecno+,Cables y Conectividad,Cables y Conectividad,"Cables y Conectividad, tecno-plus",TRUE,Title,Default Title,10870,250,shopify,5,deny,manual,40000,46000,TRUE,FALSE,https://jaltechsas.com/wp-content/uploads/2019/07/CAJA CONVERTIDORA RCA A HDMI_10870_B540_7-600x600.png,1,active
caja-conver-vga-a-hdmi-audio-10760,CAJA CONVER VGA A HDMI AUDIO,<p>CAJA CONVER VGA A HDMI AUDIO con garantía oficial Tecno+.</p>,Tecno+,Sonido y Audio,Sonido y Audio,"Sonido y Audio, tecno-plus",TRUE,Title,Default Title,10760,250,shopify,3,deny,manual,30000,34500,TRUE,FALSE,https://cambiosystem.com/wp-content/uploads/2024/07/CAJA-CONVERTIDOR-VGA-A-HDMI-AUDIO_10760_B503_4-500x500.png,1,active
vga2av-9110,VGA2AV,<p>VGA2AV con garantía oficial Tecno+.</p>,Tecno+,Accesorios y Varios,Accesorios y Varios,"Accesorios y Varios, tecno-plus",TRUE,Title,Default Title,9110,250,shopify,1,deny,manual,45000,51750,TRUE,FALSE,https://http2.mlstatic.com/D_NQ_NP_724829-MPE104665384593_012026-O.webp,1,active
av2hdmi-input-rca-1087000,AV2HDMI INPUT RCA,<p>AV2HDMI INPUT RCA con garantía oficial Tecno+.</p>,Tecno+,Accesorios y Varios,Accesorios y Varios,"Accesorios y Varios, tecno-plus",TRUE,Title,Default Title,1087000,250,shopify,3,deny,manual,40000,46000,TRUE,FALSE,https://exitocol.vtexassets.com/arquivos/ids/15203042/convertidor-caja-rca-hdmi-adaptador-no-bidireccional-av2hdmi-blanco.jpg?v=638022432552030000,1,active
jaltech-caja-convertidora-de-vga-a-hdmi-1076009,JALTECH CAJA CONVERTIDORA DE VGA A HDMI,<p>JALTECH CAJA CONVERTIDORA DE VGA A HDMI con garantía oficial Tecno+.</p>,Tecno+,Cables y Conectividad,Cables y Conectividad,"Cables y Conectividad, tecno-plus",TRUE,Title,Default Title,1076009,250,shopify,1,deny,manual,30000,34500,TRUE,FALSE,https://jaltechsas.com/wp-content/uploads/2019/05/CAJA CONVERTIDOR VGA A HDMI AUDIO_10760_B503_4-600x600.png,1,active
convertidor-hdmi-a-rca-b362-1043500,CONVERTIDOR HDMI A RCA B362,<p>CONVERTIDOR HDMI A RCA B362 con garantía oficial Tecno+.</p>,Tecno+,Cables y Conectividad,Cables y Conectividad,"Cables y Conectividad, tecno-plus",TRUE,Title,Default Title,1043500,250,shopify,4,deny,manual,40000,46000,TRUE,FALSE,https://www.pchardwarepro.com/wp-content/uploads/2025/10/Convertidor-HDMI-a-RCA-2.jpg,1,active
cargador-completo-tipo-c-gta-hc-201 tc,CARGADOR COMPLETO TIPO C GTA,<p>CARGADOR COMPLETO TIPO C GTA con garantía oficial Tecno+.</p>,Tecno+,Cargadores y Energía,Cargadores y Energía,"Cargadores y Energía, tecno-plus",TRUE,Title,Default Title,HC-201 TC,250,shopify,2,deny,manual,20000,23000,TRUE,FALSE,https://lyonimport.com.ar/wp-content/uploads/2025/06/172528740332857d74ce485887758029d2063c1020.jpg,1,active
audifonos-cable-3-5mm-jal-24-30610,AUDIFONOS CABLE 3.5MM JAL 24,<p>AUDIFONOS CABLE 3.5MM JAL 24 con garantía oficial Tecno+.</p>,Tecno+,Cables y Conectividad,Cables y Conectividad,"Cables y Conectividad, tecno-plus",TRUE,Title,Default Title,30610,250,shopify,10,deny,manual,25000,28750,TRUE,FALSE,https://jaltechsas.com/wp-content/uploads/2026/01/AUDIFONOS-CABLE-3.5MM-JAL-24_30610_JAL-24_3-1200x1200.png,1,active
manilla-apple-watch-corugada-42-44-45-49-9106,MANILLA APPLE WATCH CORUGADA 42/44/45/49,<p>MANILLA APPLE WATCH CORUGADA 42/44/45/49 con garantía oficial Tecno+.</p>,Tecno+,Smartwatch y Relojes,Smartwatch y Relojes,"Smartwatch y Relojes, tecno-plus",TRUE,Title,Default Title,9106,250,shopify,3,deny,manual,15000,17250,TRUE,FALSE,https://http2.mlstatic.com/D_NQ_NP_734435-MCO72899541439_112023-O.webp,1,active
manilla-apple-watch-40mm-9108,MANILLA APPLE WATCH 40MM,<p>MANILLA APPLE WATCH 40MM con garantía oficial Tecno+.</p>,Tecno+,Smartwatch y Relojes,Smartwatch y Relojes,"Smartwatch y Relojes, tecno-plus",TRUE,Title,Default Title,9108,250,shopify,1,deny,manual,15000,17250,TRUE,FALSE,https://http2.mlstatic.com/D_NQ_NP_846384-MCO72809484838_112023-O.webp,1,active
manilla-apple-watch-con-dise-o-loopmax-9107,MANILLA APPLE WATCH CON DISEÑO LOOPMAX,<p>MANILLA APPLE WATCH CON DISEÑO LOOPMAX con garantía oficial Tecno+.</p>,Tecno+,Smartwatch y Relojes,Smartwatch y Relojes,"Smartwatch y Relojes, tecno-plus",TRUE,Title,Default Title,9107,250,shopify,4,deny,manual,18000,20700,TRUE,FALSE,https://http2.mlstatic.com/D_NQ_NP_923205-MCO69460403532_052023-O.webp,1,active
cable-tipo-c-a-tipo-c-1m-jal-09c-30625,CABLE TIPO C A TIPO C 1M JAL 09C,<p>CABLE TIPO C A TIPO C 1M JAL 09C con garantía oficial Tecno+.</p>,Tecno+,Cables y Conectividad,Cables y Conectividad,"Cables y Conectividad, tecno-plus",TRUE,Title,Default Title,30625,250,shopify,10,deny,manual,25000,28750,TRUE,FALSE,https://jaltechsas.com/wp-content/uploads/2024/07/CABLE-TIPO-C-A-TIPO-C-1M-JAL-09C_30625_JAL-09C_2-1200x1200.png,1,active
type-c-to-ype-c-data-cable-60w-cb4038-2c&c,TYPE-C TO YPE-C DATA CABLE 60W,<p>TYPE-C TO YPE-C DATA CABLE 60W con garantía oficial Tecno+.</p>,Tecno+,Cables y Conectividad,Cables y Conectividad,"Cables y Conectividad, tecno-plus",TRUE,Title,Default Title,CB4038-2C&C,250,shopify,6,deny,manual,25000,28750,TRUE,FALSE,https://luegopagocdn.azureedge.net/content-process/products-images/prod/3171/2b040b37-41df-4d3c-93a6-ae35a3d90d7e.webp,1,active
cable-usb-a-tipo-c-1m-jal-88-30618,CABLE USB A TIPO C 1M JAL 88,<p>CABLE USB A TIPO C 1M JAL 88 con garantía oficial Tecno+.</p>,Tecno+,Cables y Conectividad,Cables y Conectividad,"Cables y Conectividad, tecno-plus",TRUE,Title,Default Title,30618,250,shopify,13,deny,manual,15000,17250,TRUE,FALSE,https://jaltechsas.com/wp-content/uploads/2024/07/30618_CABLE-USB-A-TIPO-C-1M-JAL-88-1200x1200.jpg,1,active
audifonos-cable-3-5mm-jal-h12-30611,AUDIFONOS CABLE 3.5MM JAL H12,<p>AUDIFONOS CABLE 3.5MM JAL H12 con garantía oficial Tecno+.</p>,Tecno+,Cables y Conectividad,Cables y Conectividad,"Cables y Conectividad, tecno-plus",TRUE,Title,Default Title,30611,250,shopify,1,deny,manual,22000,25300,TRUE,FALSE,https://easycolombia.vtexassets.com/arquivos/ids/265426/image-076e2bef211049f59df77b1fd3c3647b.jpg?v=638926869450370000,1,active
audifono-stereo-tipo-c-jal-h65n-30668,AUDIFONO STEREO TIPO C JAL H65N,<p>AUDIFONO STEREO TIPO C JAL H65N con garantía oficial Tecno+.</p>,Tecno+,Audífonos y Diademas,Audífonos y Diademas,"Audífonos y Diademas, tecno-plus",TRUE,Title,Default Title,30668,250,shopify,2,deny,manual,22000,25300,TRUE,FALSE,https://jaltechsas.com/wp-content/uploads/2024/10/AUDIFONOS-STEREO-TIPO-C-JAL-H65N_30668_JAL-H65N_2.png,1,active
vidvies-half-in-ear-hs662,VIDVIES Half In-Ear,<p>VIDVIES Half In-Ear con garantía oficial Tecno+.</p>,Tecno+,Accesorios y Varios,Accesorios y Varios,"Accesorios y Varios, tecno-plus",TRUE,Title,Default Title,HS662,250,shopify,4,deny,manual,30000,34500,TRUE,FALSE,https://losnovedosos.com/wp-content/uploads/2024/01/WhatsApp-Image-2023-12-27-at-11.03.30-AM-1-600x600.jpeg,1,active
vidrio-protector-apple-watch-44mm-9114,VIDRIO PROTECTOR APPLE WATCH 44MM,<p>VIDRIO PROTECTOR APPLE WATCH 44MM con garantía oficial Tecno+.</p>,Tecno+,Smartwatch y Relojes,Smartwatch y Relojes,"Smartwatch y Relojes, tecno-plus",TRUE,Title,Default Title,9114,250,shopify,2,deny,manual,10000,11500,TRUE,FALSE,https://m.media-amazon.com/images/I/61Q+WJXiC5L._AC_.jpg,1,active
protector-apple-watch-49mm-9113,PROTECTOR APPLE WATCH 49MM,<p>PROTECTOR APPLE WATCH 49MM con garantía oficial Tecno+.</p>,Tecno+,Smartwatch y Relojes,Smartwatch y Relojes,"Smartwatch y Relojes, tecno-plus",TRUE,Title,Default Title,9113,250,shopify,2,deny,manual,20000,23000,TRUE,FALSE,https://i5.walmartimages.com/seo/Protector-For-Apple-Watch-Ultra-49mm-Series-2-LTE-Tempered-Glass-Screen-Full-Coverage-Curved-Fit-Black-Edged-9H-Hardness-Cover-Clear_480ea103-7b03-482d-9e50-b7c37ec7806e.6e7be0c56000a516b5915d372a65e987.jpeg,1,active
funda-neopreno-15-6-9034,"FUNDA NEOPRENO 15""6","<p>FUNDA NEOPRENO 15""6 con garantía oficial Tecno+.</p>",Tecno+,Accesorios y Varios,Accesorios y Varios,"Accesorios y Varios, tecno-plus",TRUE,Title,Default Title,9034,250,shopify,9,deny,manual,25000,28750,TRUE,FALSE,https://tiendasquality.com.mx/uploads/media/2025/GNBR256349NEGRO01.png,1,active
funda-neopreno-14-9033,"FUNDA NEOPRENO 14""","<p>FUNDA NEOPRENO 14"" con garantía oficial Tecno+.</p>",Tecno+,Accesorios y Varios,Accesorios y Varios,"Accesorios y Varios, tecno-plus",TRUE,Title,Default Title,9033,250,shopify,7,deny,manual,25000,28750,TRUE,FALSE,https://megaoutletdeimpresion.com/wp-content/uploads/2025/10/Funda-neopreno-14-pulgadas-800x800.webp,1,active
cable-de-red-certificado-cat6-5m-11463,CABLE DE RED CERTIFICADO CAT6 5M,<p>CABLE DE RED CERTIFICADO CAT6 5M con garantía oficial Tecno+.</p>,Tecno+,Cables y Conectividad,Cables y Conectividad,"Cables y Conectividad, tecno-plus",TRUE,Title,Default Title,11463,250,shopify,3,deny,manual,30000,34500,TRUE,FALSE,https://jaltechsas.com/wp-content/uploads/2024/09/CABLE-DE-RED-CERTIFICADO-CAT6-3M_11462_CERCAT6-3M_1.png,1,active
jaltech-cable-vga-10-mtr-10385,JALTECH CABLE VGA 10 MTR,<p>JALTECH CABLE VGA 10 MTR con garantía oficial Tecno+.</p>,Tecno+,Cables y Conectividad,Cables y Conectividad,"Cables y Conectividad, tecno-plus",TRUE,Title,Default Title,10385,250,shopify,2,deny,manual,35000,40250,TRUE,FALSE,https://olimpica.vtexassets.com/arquivos/ids/2146721/image-c5675c57e43740b0887427d5be0d4cd1.jpg?v=638907828265470000,1,active
cable-de-red-certificado-3-metros-11462,CABLE DE RED CERTIFICADO 3 METROS,<p>CABLE DE RED CERTIFICADO 3 METROS con garantía oficial Tecno+.</p>,Tecno+,Cables y Conectividad,Cables y Conectividad,"Cables y Conectividad, tecno-plus",TRUE,Title,Default Title,11462,250,shopify,6,deny,manual,25000,28750,TRUE,FALSE,https://www.megacomputo.co/img/p/1/5/7/8/1578-large_default.jpg,1,active
cable-usb-3-0-sata-2-5-11167,"CABLE USB 3.0 SATA 2.5""","<p>CABLE USB 3.0 SATA 2.5"" con garantía oficial Tecno+.</p>",Tecno+,Cables y Conectividad,Cables y Conectividad,"Cables y Conectividad, tecno-plus",TRUE,Title,Default Title,11167,250,shopify,6,deny,manual,35000,40250,TRUE,FALSE,https://cambiosystem.com/wp-content/uploads/2024/03/CABLE-USB-3.0-A-SATA-2.5_11167_LH002_1-500x500.jpg,1,active
cable-convertidor-dvi-a-vga-11082,CABLE CONVERTIDOR DVI A VGA,<p>CABLE CONVERTIDOR DVI A VGA con garantía oficial Tecno+.</p>,Tecno+,Cables y Conectividad,Cables y Conectividad,"Cables y Conectividad, tecno-plus",TRUE,Title,Default Title,11082,250,shopify,16,deny,manual,25000,28750,TRUE,FALSE,https://jaltechsas.com/wp-content/uploads/2021/10/CABLE-CONVERTIDOR-DVI-A-VGA_11082_B596_1.png,1,active
cable-de-red-cat6-3mts-10694,CABLE DE RED CAT6 3MTS,<p>CABLE DE RED CAT6 3MTS con garantía oficial Tecno+.</p>,Tecno+,Cables y Conectividad,Cables y Conectividad,"Cables y Conectividad, tecno-plus",TRUE,Title,Default Title,10694,250,shopify,7,deny,manual,20000,23000,TRUE,FALSE,https://computecni.com/wp-content/uploads/2021/11/CABLE-DE-RED-CAT6-3MTS.1.webp,1,active
jaltech-cable-vga-15mtr-10700,JALTECH CABLE VGA 15MTR,<p>JALTECH CABLE VGA 15MTR con garantía oficial Tecno+.</p>,Tecno+,Cables y Conectividad,Cables y Conectividad,"Cables y Conectividad, tecno-plus",TRUE,Title,Default Title,10700,250,shopify,3,deny,manual,20000,23000,TRUE,FALSE,https://www.compujes.com/admin/productos/p_284/portada/portada_284.png,1,active
jaltech-cable-vga-15mtr-10404,JALTECH CABLE VGA 15MTR,<p>JALTECH CABLE VGA 15MTR con garantía oficial Tecno+.</p>,Tecno+,Cables y Conectividad,Cables y Conectividad,"Cables y Conectividad, tecno-plus",TRUE,Title,Default Title,10404,250,shopify,1,deny,manual,50000,57500,TRUE,FALSE,https://www.compujes.com/admin/productos/p_345/portada/portada_345.png,1,active
cable-vga-3m-10349,CABLE VGA 3M,<p>CABLE VGA 3M con garantía oficial Tecno+.</p>,Tecno+,Cables y Conectividad,Cables y Conectividad,"Cables y Conectividad, tecno-plus",TRUE,Title,Default Title,10349,250,shopify,3,deny,manual,25000,28750,TRUE,FALSE,https://jaltechsas.com/wp-content/uploads/2019/05/CABLE VGA 3M_10349_VGA-3M_1-600x600.png,1,active
extencion-plug-macho-y-hembra-1-5-mtr-80140,EXTENCION PLUG MACHO Y HEMBRA 1.5 MTR,<p>EXTENCION PLUG MACHO Y HEMBRA 1.5 MTR con garantía oficial Tecno+.</p>,Tecno+,Accesorios y Varios,Accesorios y Varios,"Accesorios y Varios, tecno-plus",TRUE,Title,Default Title,80140,250,shopify,4,deny,manual,20000,23000,TRUE,FALSE,https://confiteriagrow.cl/wp-content/uploads/2022/09/ACCESORIO-DE-ILUMINACION-CABLE-DE-EXTENSION-MACHO-A-HEMBRA-1.5MT-DELIGHT-4950-1024x1024.jpg,1,active
cable-audio-entrada-y-salida-jal-ad-11602,CABLE AUDIO ENTRADA Y SALIDA JAL AD,<p>CABLE AUDIO ENTRADA Y SALIDA JAL AD con garantía oficial Tecno+.</p>,Tecno+,Cables y Conectividad,Cables y Conectividad,"Cables y Conectividad, tecno-plus",TRUE,Title,Default Title,11602,250,shopify,3,deny,manual,15000,17250,TRUE,FALSE,https://jaltechsas.com/wp-content/uploads/2025/02/CABLE AUDIO ENTRADA Y SALIDA_11602_JAL-AD_2-768x768.png,1,active
cable-mini-hdmi-a-hdmi-1-5-mts-jalmin-11351,CABLE MINI HDMI A HDMI 1.5 MTS JALMIN,<p>CABLE MINI HDMI A HDMI 1.5 MTS JALMIN con garantía oficial Tecno+.</p>,Tecno+,Cables y Conectividad,Cables y Conectividad,"Cables y Conectividad, tecno-plus",TRUE,Title,Default Title,11351,250,shopify,10,deny,manual,20000,23000,TRUE,FALSE,https://http2.mlstatic.com/D_NQ_NP_821560-MLC72703805656_112023-O-cable-mini-hdmi-a-hdmi-largo-15-metros.webp,1,active
cable-displayport-vga-16075,CABLE DISPLAYPORT VGA,<p>CABLE DISPLAYPORT VGA con garantía oficial Tecno+.</p>,Tecno+,Cables y Conectividad,Cables y Conectividad,"Cables y Conectividad, tecno-plus",TRUE,Title,Default Title,16075,250,shopify,1,deny,manual,40000,46000,TRUE,FALSE,https://i.pinimg.com/originals/bc/fb/71/bcfb711bc1e306edb85506500fc5127a.jpg,1,active
cable-usb-impresora-3-0-1-8-mts-80228,CABLE USB IMPRESORA 3.0 1.8 MTS,<p>CABLE USB IMPRESORA 3.0 1.8 MTS con garantía oficial Tecno+.</p>,Tecno+,Cables y Conectividad,Cables y Conectividad,"Cables y Conectividad, tecno-plus",TRUE,Title,Default Title,80228,250,shopify,2,deny,manual,20000,23000,TRUE,FALSE,https://markosoft.com.ec/wp-content/uploads/2024/09/CABLE-USB-IMPRESORA-3.0-1.8MTS_80228_USB-3.0-1.8-MTS_2-768x768-1.png,1,active
cable-de-red-certificado-cat6-1-8m-11461,CABLE DE RED CERTIFICADO CAT6 1.8M,<p>CABLE DE RED CERTIFICADO CAT6 1.8M con garantía oficial Tecno+.</p>,Tecno+,Cables y Conectividad,Cables y Conectividad,"Cables y Conectividad, tecno-plus",TRUE,Title,Default Title,11461,250,shopify,2,deny,manual,15000,17250,TRUE,FALSE,https://paisatech.co/wp-content/uploads/2026/01/CABLE-DE-RED-CERTIFICADO-CAT6-1.8M_11461_CERCAT6-1.8M_1.png,1,active
jaltech-cable-display-port-a-hdmi-hembra-10571,JALTECH CABLE DISPLAY PORT A HDMI HEMBRA,<p>JALTECH CABLE DISPLAY PORT A HDMI HEMBRA con garantía oficial Tecno+.</p>,Tecno+,Cables y Conectividad,Cables y Conectividad,"Cables y Conectividad, tecno-plus",TRUE,Title,Default Title,10571,250,shopify,7,deny,manual,25000,28750,TRUE,FALSE,https://jaltechsas.com/wp-content/uploads/2019/05/CABLE DISPLAY PORT A HDMI HEMBRA_10571_B418_1-600x600.png,1,active
cable-de-poder-para-grabadora-10553,CABLE DE PODER PARA GRABADORA,<p>CABLE DE PODER PARA GRABADORA con garantía oficial Tecno+.</p>,Tecno+,Cables y Conectividad,Cables y Conectividad,"Cables y Conectividad, tecno-plus",TRUE,Title,Default Title,10553,250,shopify,13,deny,manual,13000,14950,TRUE,FALSE,https://cambiosystem.com/wp-content/uploads/2025/06/Cable-De-Grabadora-1.5-Mts-10553-1.png,1,active
cable-de-poder-tipo-fuente-10640,CABLE DE PODER TIPO FUENTE,<p>CABLE DE PODER TIPO FUENTE con garantía oficial Tecno+.</p>,Tecno+,Cargadores y Energía,Cargadores y Energía,"Cargadores y Energía, tecno-plus",TRUE,Title,Default Title,10640,250,shopify,13,deny,manual,15000,17250,TRUE,FALSE,http://www.goditek.com/cdn/shop/files/COD.10640_1200x1200.jpg?v=1701411664,1,active
cable-de-poder-plano-ref-pc-001-11429,CABLE DE PODER PLANO REF PC 001,<p>CABLE DE PODER PLANO REF PC 001 con garantía oficial Tecno+.</p>,Tecno+,Cables y Conectividad,Cables y Conectividad,"Cables y Conectividad, tecno-plus",TRUE,Title,Default Title,11429,250,shopify,11,deny,manual,15000,17250,TRUE,FALSE,https://static.vendaenlinea.co/productos/medium/el-punto-de-la-tecnologza-cali-s-a-s_cable-poder-plano_2510.png,1,active
cable-dp-a-dp-1-5m-11212,CABLE DP A DP 1.5M,<p>CABLE DP A DP 1.5M con garantía oficial Tecno+.</p>,Tecno+,Cables y Conectividad,Cables y Conectividad,"Cables y Conectividad, tecno-plus",TRUE,Title,Default Title,11212,250,shopify,10,deny,manual,20000,23000,TRUE,FALSE,https://jaltechsas.com/wp-content/uploads/2022/07/CABLE-DP-A-DP-1.5M_11212_LH009_1.png,1,active
cable-micro-hdmi-a-micro-hdmi-1-5mt-10267,CABLE MICRO HDMI A MICRO HDMI 1.5MT,<p>CABLE MICRO HDMI A MICRO HDMI 1.5MT con garantía oficial Tecno+.</p>,Tecno+,Cables y Conectividad,Cables y Conectividad,"Cables y Conectividad, tecno-plus",TRUE,Title,Default Title,10267,250,shopify,8,deny,manual,25000,28750,TRUE,FALSE,"https://static.wixstatic.com/media/dbdcef_1f26883d145b42fd98c664f33a7afe34~mv2.jpg/v1/fill/w_980,h_822,al_c,q_85,usm_0.66_1.00_0.01,enc_auto/dbdcef_1f26883d145b42fd98c664f33a7afe34~mv2.jpg",1,active
extension-usb-2-0-1-5-blindada-10505,EXTENSION USB 2.0 1.5 BLINDADA,<p>EXTENSION USB 2.0 1.5 BLINDADA con garantía oficial Tecno+.</p>,Tecno+,Cómputo y Accesorios,Cómputo y Accesorios,"Cómputo y Accesorios, tecno-plus",TRUE,Title,Default Title,10505,250,shopify,7,deny,manual,15000,17250,TRUE,FALSE,https://jaltechsas.com/wp-content/uploads/2019/05/EXTENCION USB 2.0 - 1.5M BLINDADA_10505_USB-E 1.5M_4-600x600.png,1,active
cable-usb-tipo-c-a-hdmi-hembra-b422-10576,CABLE USB TIPO C A HDMI HEMBRA- B422,<p>CABLE USB TIPO C A HDMI HEMBRA- B422 con garantía oficial Tecno+.</p>,Tecno+,Cables y Conectividad,Cables y Conectividad,"Cables y Conectividad, tecno-plus",TRUE,Title,Default Title,10576,250,shopify,1,deny,manual,40000,46000,TRUE,FALSE,https://jaltechsas.com/wp-content/uploads/2019/05/CABLE USB TIPO C A HDMI HEMBRA_10576_B422_1-600x600.png,1,active
cable-rca-2x1-gold-10401,CABLE RCA 2X1 GOLD,<p>CABLE RCA 2X1 GOLD con garantía oficial Tecno+.</p>,Tecno+,Cables y Conectividad,Cables y Conectividad,"Cables y Conectividad, tecno-plus",TRUE,Title,Default Title,10401,250,shopify,11,deny,manual,12000,13800,TRUE,FALSE,https://tu360compras.bancolombia.com/221575-large_default/cable-rca-2x1-gold-15m-10401.jpg,1,active
cable-displayport-a-displayport-c9622000,CABLE DISPLAYPORT A DISPLAYPORT,<p>CABLE DISPLAYPORT A DISPLAYPORT con garantía oficial Tecno+.</p>,Tecno+,Cables y Conectividad,Cables y Conectividad,"Cables y Conectividad, tecno-plus",TRUE,Title,Default Title,C9622000,250,shopify,2,deny,manual,35000,40250,TRUE,FALSE,https://elchapuzasinformatico.com/wp-content/uploads/2023/05/Cable-Display-Port.jpg,1,active
adaptador-corriente-5v-1a-b372-10476a,ADAPTADOR CORRIENTE 5V 1A B372,<p>ADAPTADOR CORRIENTE 5V 1A B372 con garantía oficial Tecno+.</p>,Tecno+,Cargadores y Energía,Cargadores y Energía,"Cargadores y Energía, tecno-plus",TRUE,Title,Default Title,10476A,250,shopify,1,deny,manual,15000,17250,TRUE,FALSE,https://luegopagocdn.azureedge.net/content-process/products-images/prod/2926/64168316-d0c3-4f4b-b66a-bca70335c99c.webp,1,active
cable-am-micro-50-cm-usb-3-0-50cm-10034,CABLE AM/MICRO 50 CM USB 3.0 50CM,<p>CABLE AM/MICRO 50 CM USB 3.0 50CM con garantía oficial Tecno+.</p>,Tecno+,Cables y Conectividad,Cables y Conectividad,"Cables y Conectividad, tecno-plus",TRUE,Title,Default Title,10034,250,shopify,8,deny,manual,18000,20700,TRUE,FALSE,https://img.pccomponentes.com/articles/1057/10578303/3758-gembird-cable-usb-30-a-micro-usb-b-macho-macho-50cm-azul-mejor-precio.jpg,1,active
cable-usb-5-pines-1m-10487,CABLE USB 5 PINES 1M,<p>CABLE USB 5 PINES 1M con garantía oficial Tecno+.</p>,Tecno+,Cables y Conectividad,Cables y Conectividad,"Cables y Conectividad, tecno-plus",TRUE,Title,Default Title,10487,250,shopify,13,deny,manual,15000,17250,TRUE,FALSE,https://www.compujes.com/admin/productos/p_331/portada/portada_331.png,1,active
cable-usb-a-micro-usb-06s3-30057,CABLE USB A MICRO USB 06S3,<p>CABLE USB A MICRO USB 06S3 con garantía oficial Tecno+.</p>,Tecno+,Cables y Conectividad,Cables y Conectividad,"Cables y Conectividad, tecno-plus",TRUE,Title,Default Title,30057,250,shopify,1,deny,manual,12000,13800,TRUE,FALSE,https://http2.mlstatic.com/D_NQ_NP_782720-MCO108969525905_032026-O.webp,1,active
cable-tipo-c-a-jack-3-5-mm-digital-b57-3044600,CABLE TIPO C A JACK 3.5 MM DIGITAL B57,<p>CABLE TIPO C A JACK 3.5 MM DIGITAL B57 con garantía oficial Tecno+.</p>,Tecno+,Cables y Conectividad,Cables y Conectividad,"Cables y Conectividad, tecno-plus",TRUE,Title,Default Title,3044600,250,shopify,3,deny,manual,15000,17250,TRUE,FALSE,https://resources.claroshop.com/medios-plazavip/mkt/6214f332683c6_dise-o-sin-t-tulo-77-png.jpg,1,active
b590-1-5m-11090,B590-1.5M,<p>B590-1.5M con garantía oficial Tecno+.</p>,Tecno+,Accesorios y Varios,Accesorios y Varios,"Accesorios y Varios, tecno-plus",TRUE,Title,Default Title,11090,250,shopify,2,deny,manual,15000,17250,TRUE,FALSE,https://cdn.aukro.cz/images/sk1700764672979/notebook-lenovo-b590-15-6-i3-3110m-4gb-ram-256gb-ssd-177750594.jpeg,1,active
cable-id-audio-acordonado-80094,CABLE ID AUDIO ACORDONADO,<p>CABLE ID AUDIO ACORDONADO con garantía oficial Tecno+.</p>,Tecno+,Cables y Conectividad,Cables y Conectividad,"Cables y Conectividad, tecno-plus",TRUE,Title,Default Title,80094,250,shopify,3,deny,manual,10000,11500,TRUE,FALSE,https://andinotec.com/wp-content/uploads/2023/05/CABLE-JALTECH-AUDIO-Y-ACORDONADO-800941.png,1,active
cable-lightning-a-3-5mm-audio-digital-1139200,CABLE LIGHTNING A 3.5MM AUDIO DIGITAL,<p>CABLE LIGHTNING A 3.5MM AUDIO DIGITAL con garantía oficial Tecno+.</p>,Tecno+,Cables y Conectividad,Cables y Conectividad,"Cables y Conectividad, tecno-plus",TRUE,Title,Default Title,1139200,250,shopify,2,deny,manual,22000,25300,TRUE,FALSE,https://tu360compras.bancolombia.com/619270-large_default/new-product.jpg,1,active
cable-otg-usb-3-0-a-tipo-c-jaltech-10822,CABLE OTG USB 3.0 A TIPO C JALTECH,<p>CABLE OTG USB 3.0 A TIPO C JALTECH con garantía oficial Tecno+.</p>,Tecno+,Cables y Conectividad,Cables y Conectividad,"Cables y Conectividad, tecno-plus",TRUE,Title,Default Title,10822,250,shopify,4,deny,manual,20000,23000,TRUE,FALSE,https://jaltechsas.com/wp-content/uploads/2019/05/CABLE OTG USB A TIPO C_10823_B523C_1.png,1,active
union-hdmi-ch04h-10372,UNION HDMI CH04H,<p>UNION HDMI CH04H con garantía oficial Tecno+.</p>,Tecno+,Accesorios y Varios,Accesorios y Varios,"Accesorios y Varios, tecno-plus",TRUE,Title,Default Title,10372,250,shopify,5,deny,manual,10000,11500,TRUE,FALSE,https://jaltechsas.com/wp-content/uploads/2019/08/UNION HDMI_10372_CH-04H_3-600x600.png,1,active
cable-usb-3-0-macho-a-tipo-c-hembra-lh03-11213,CABLE USB 3.0 MACHO A TIPO C HEMBRA LH03,<p>CABLE USB 3.0 MACHO A TIPO C HEMBRA LH03 con garantía oficial Tecno+.</p>,Tecno+,Cables y Conectividad,Cables y Conectividad,"Cables y Conectividad, tecno-plus",TRUE,Title,Default Title,11213,250,shopify,5,deny,manual,25000,28750,TRUE,FALSE,https://jaltechsas.com/wp-content/uploads/2023/03/CABLE-USB-3.0-MACHO-A-TIPO-C-HEMBRA_11213_LH031_1-768x768.png,1,active
cable-impresora-tipo-c-1mtr-1m-11490,CABLE IMPRESORA TIPO C 1MTR 1M,<p>CABLE IMPRESORA TIPO C 1MTR 1M con garantía oficial Tecno+.</p>,Tecno+,Cables y Conectividad,Cables y Conectividad,"Cables y Conectividad, tecno-plus",TRUE,Title,Default Title,11490,250,shopify,9,deny,manual,15000,17250,TRUE,FALSE,https://syscomstore.com/image/cache/catalog/productos/Cables/impresora tipo c-600x600.jpg,1,active
jaltech-cable-usb-a-dc-3-5-x-1-35-10682,JALTECH CABLE USB A DC 3.5 X 1.35,<p>JALTECH CABLE USB A DC 3.5 X 1.35 con garantía oficial Tecno+.</p>,Tecno+,Cables y Conectividad,Cables y Conectividad,"Cables y Conectividad, tecno-plus",TRUE,Title,Default Title,10682,250,shopify,5,deny,manual,12000,13800,TRUE,FALSE,https://jaltechsas.com/wp-content/uploads/2019/05/CABLE USB A DC3.5x1.35_10682_B464_2-600x600.png,1,active
jaltech-convertidor-dvi-a-hdmi-24-1-1124900,JALTECH CONVERTIDOR DVI A HDMI 24+1,<p>JALTECH CONVERTIDOR DVI A HDMI 24+1 con garantía oficial Tecno+.</p>,Tecno+,Cables y Conectividad,Cables y Conectividad,"Cables y Conectividad, tecno-plus",TRUE,Title,Default Title,1124900,250,shopify,1,deny,manual,15000,17250,TRUE,FALSE,https://jaltechsas.com/wp-content/uploads/2019/05/CONVERTIDOR DVI A HDMI_10559_B410_2-600x600.png,1,active
cable-rj45-1-5mt-amarillo-9060,CABLE RJ45 1.5MT AMARILLO,<p>CABLE RJ45 1.5MT AMARILLO con garantía oficial Tecno+.</p>,Tecno+,Cables y Conectividad,Cables y Conectividad,"Cables y Conectividad, tecno-plus",TRUE,Title,Default Title,9060,250,shopify,3,deny,manual,18000,20700,TRUE,FALSE,https://http2.mlstatic.com/D_NQ_NP_909785-MLU73383038615_122023-O.webp,1,active
cable-rj45-1-5mt-blanco-economico-9063,CABLE RJ45 1.5MT BLANCO ECONOMICO,<p>CABLE RJ45 1.5MT BLANCO ECONOMICO con garantía oficial Tecno+.</p>,Tecno+,Cables y Conectividad,Cables y Conectividad,"Cables y Conectividad, tecno-plus",TRUE,Title,Default Title,9063,250,shopify,3,deny,manual,12000,13800,TRUE,FALSE,https://http2.mlstatic.com/D_NQ_NP_806791-MLA75344124594_032024-O.webp,1,active
pad-mouse-gel-colores-9041,PAD MOUSE GEL COLORES,<p>PAD MOUSE GEL COLORES con garantía oficial Tecno+.</p>,Tecno+,Cómputo y Accesorios,Cómputo y Accesorios,"Cómputo y Accesorios, tecno-plus",TRUE,Title,Default Title,9041,250,shopify,10,deny,manual,25000,28750,TRUE,FALSE,https://www.mtm.com.co/wp-content/uploads/2024/03/3027.jpg,1,active
pad-mouse-gel-basik-tech-bsk304-color-80387,PAD MOUSE GEL BASIK TECH - BSK304 COLOR,<p>PAD MOUSE GEL BASIK TECH - BSK304 COLOR con garantía oficial Tecno+.</p>,Tecno+,Cómputo y Accesorios,Cómputo y Accesorios,"Cómputo y Accesorios, tecno-plus",TRUE,Title,Default Title,80387,250,shopify,2,deny,manual,25000,28750,TRUE,FALSE,https://latiendatecno.com/wp-content/uploads/2025/10/cccc-10-5.png,1,active
cable-hdmi-10mtr-basik-80171,CABLE HDMI 10MTR BASIK,<p>CABLE HDMI 10MTR BASIK con garantía oficial Tecno+.</p>,Tecno+,Cables y Conectividad,Cables y Conectividad,"Cables y Conectividad, tecno-plus",TRUE,Title,Default Title,80171,250,shopify,1,deny,manual,30000,34500,TRUE,FALSE,https://tu360compras.bancolombia.com/221543-large_default/cable-hdmi-10mtr-basik.jpg,1,active
cable-usb-impresora-3-0-10mts-80291,CABLE USB IMPRESORA 3.0 10MTS,<p>CABLE USB IMPRESORA 3.0 10MTS con garantía oficial Tecno+.</p>,Tecno+,Cables y Conectividad,Cables y Conectividad,"Cables y Conectividad, tecno-plus",TRUE,Title,Default Title,80291,250,shopify,1,deny,manual,30000,34500,TRUE,FALSE,https://jaltechsas.com/wp-content/uploads/2023/01/CABLE-USB-IMPRESORA-3.0--10MTS_80231_USB-3.0--10MTS_1.png,1,active
impresora-termica-pos-usb-tipo-c-lan-58-40200,IMPRESORA TERMICA POS USB TIPO C/LAN 58,<p>IMPRESORA TERMICA POS USB TIPO C/LAN 58 con garantía oficial Tecno+.</p>,Tecno+,Cómputo y Accesorios,Cómputo y Accesorios,"Cómputo y Accesorios, tecno-plus",TRUE,Title,Default Title,40200,250,shopify,1,deny,manual,200000,230000,TRUE,FALSE,https://jaltechsas.com/wp-content/uploads/2024/09/IMPRESORA-TERMICA-POS-USB-TIPO-CLAN-58MM_40200_JAL-801_2-768x768.png,1,active
airpods-max-1-1-9014,AIRPODS MAX 1.1,<p>AIRPODS MAX 1.1 con garantía oficial Tecno+.</p>,Tecno+,Audífonos y Diademas,Audífonos y Diademas,"Audífonos y Diademas, tecno-plus",TRUE,Title,Default Title,9014,250,shopify,1,deny,manual,85000,97750,TRUE,FALSE,https://images.unsplash.com/photo-1505740420928-5e560c06d30e?auto=format&fit=crop&w=800&q=80,1,active
speaker-bt-mini-3-30829,"SPEAKER BT MINI 3""","<p>SPEAKER BT MINI 3"" con garantía oficial Tecno+.</p>",Tecno+,Sonido y Audio,Sonido y Audio,"Sonido y Audio, tecno-plus",TRUE,Title,Default Title,30829,250,shopify,2,deny,manual,30000,34500,TRUE,FALSE,https://www.tventas.com/13796469-large_default/parlante-mini-3-pro-soundcore-a3127z11.jpg,1,active
ultra-speaker-676461,ULTRA SPEAKER,<p>ULTRA SPEAKER con garantía oficial Tecno+.</p>,Tecno+,Sonido y Audio,Sonido y Audio,"Sonido y Audio, tecno-plus",TRUE,Title,Default Title,676461,250,shopify,2,deny,manual,80000,92000,TRUE,FALSE,https://svt-migrated-files.s3.amazonaws.com/images/ULTRA12-6.1web.png.500x500_q85.png,1,active
cabina-activa-5-5-recargable-malla-j5250,"CABINA ACTIVA 5.5"" RECARGABLE MALLA","<p>CABINA ACTIVA 5.5"" RECARGABLE MALLA con garantía oficial Tecno+.</p>",Tecno+,Sonido y Audio,Sonido y Audio,"Sonido y Audio, tecno-plus",TRUE,Title,Default Title,J5250,250,shopify,2,deny,manual,340000,391000,TRUE,FALSE,https://www.globalmusic.com.co/wp-content/uploads/2025/05/J5250-1.jpg,1,active
mini-lector-de-tarjeta-681-10355,MINI LECTOR DE TARJETA 681,<p>MINI LECTOR DE TARJETA 681 con garantía oficial Tecno+.</p>,Tecno+,Cómputo y Accesorios,Cómputo y Accesorios,"Cómputo y Accesorios, tecno-plus",TRUE,Title,Default Title,10355,250,shopify,2,deny,manual,1500,1725,TRUE,FALSE,https://paisatech.co/wp-content/uploads/2026/02/MINI-LECTOR-DE-TARJETAS_10355_681_3.png,1,active
cable-am-micro-50-cm-usb3-0-50cm-50cm,CABLE AM/MICRO 50 CM USB3.0-50CM,<p>CABLE AM/MICRO 50 CM USB3.0-50CM con garantía oficial Tecno+.</p>,Tecno+,Cables y Conectividad,Cables y Conectividad,"Cables y Conectividad, tecno-plus",TRUE,Title,Default Title,50CM,250,shopify,4,deny,manual,15000,17250,TRUE,FALSE,https://www.i-tech.com.au/media/catalog/product/cache/d90074b510a9e8618355b82ff6546f51/u/s/usb3-am-microb-50cm.jpg,1,active
tarjeta-de-red-usb-lan-01-01,TARJETA DE RED USB LAN-01,<p>TARJETA DE RED USB LAN-01 con garantía oficial Tecno+.</p>,Tecno+,Cables y Conectividad,Cables y Conectividad,"Cables y Conectividad, tecno-plus",TRUE,Title,Default Title,01,250,shopify,3,deny,manual,30000,34500,TRUE,FALSE,https://http2.mlstatic.com/D_NQ_NP_875742-MCO87317841880_072025-O.webp,1,active
fuente-de-poder-700w-fps-200w-200w,FUENTE DE PODER 700W FPS-200W,<p>FUENTE DE PODER 700W FPS-200W con garantía oficial Tecno+.</p>,Tecno+,Cargadores y Energía,Cargadores y Energía,"Cargadores y Energía, tecno-plus",TRUE,Title,Default Title,200W,250,shopify,3,deny,manual,100000,115000,TRUE,FALSE,https://www.mtm.com.co/wp-content/uploads/2023/08/06188.jpg,1,active
cable-usb-a-puerto-serial-rs232-usb-rs-rs,CABLE USB A PUERTO SERIAL RS232-USB-RS,<p>CABLE USB A PUERTO SERIAL RS232-USB-RS con garantía oficial Tecno+.</p>,Tecno+,Cables y Conectividad,Cables y Conectividad,"Cables y Conectividad, tecno-plus",TRUE,Title,Default Title,RS,250,shopify,3,deny,manual,25000,28750,TRUE,FALSE,https://www.idcmayoristas.com/wp-content/uploads/2024/10/startech-com-cable-adaptador-usb-a-serie-rs232-de-icusb232v2-iws-1.png,1,active
mini-otg-usb-2-0-tipo-c-b516c-b516c,MINI OTG USB 2.0 TIPO C-B516C,<p>MINI OTG USB 2.0 TIPO C-B516C con garantía oficial Tecno+.</p>,Tecno+,Cables y Conectividad,Cables y Conectividad,"Cables y Conectividad, tecno-plus",TRUE,Title,Default Title,B516C,250,shopify,10,deny,manual,15000,17250,TRUE,FALSE,https://jaltechsas.com/wp-content/uploads/2019/05/MINI OTG USB 2.0 TIPO C_10832_B516C_2-600x600.png,1,active
conver-usb-3-0-a-rj45-lan-gigabit-b556-b556,CONVER.USB 3.0 A RJ45 LAN GIGABIT-B556,<p>CONVER.USB 3.0 A RJ45 LAN GIGABIT-B556 con garantía oficial Tecno+.</p>,Tecno+,Cables y Conectividad,Cables y Conectividad,"Cables y Conectividad, tecno-plus",TRUE,Title,Default Title,B556,250,shopify,3,deny,manual,55000,63250,TRUE,FALSE,https://wirtec.com.co/wp-content/uploads/2021/10/CONVER.-USB-3.0-A-RJ45-LAN-GIGABIT_10881_B556_4.png,1,active
carg-apple-tipo-c-20-3v3a-61w-ap08p-ap08p,CARG. APPLE TIPO C 20.3V3A 61W-AP08P,<p>CARG. APPLE TIPO C 20.3V3A 61W-AP08P con garantía oficial Tecno+.</p>,Tecno+,Cargadores y Energía,Cargadores y Energía,"Cargadores y Energía, tecno-plus",TRUE,Title,Default Title,AP08P,250,shopify,4,deny,manual,120000,138000,TRUE,FALSE,https://tienda.pctintas.com/wp-content/uploads/cargador-apple-tipo-c-20-3v-3-61-am-1.webp,1,active
convertidor-usb-a-usb-tipo-c-b579-b579,CONVERTIDOR USB A USB TIPO C-B579,<p>CONVERTIDOR USB A USB TIPO C-B579 con garantía oficial Tecno+.</p>,Tecno+,Cables y Conectividad,Cables y Conectividad,"Cables y Conectividad, tecno-plus",TRUE,Title,Default Title,B579,250,shopify,10,deny,manual,15000,17250,TRUE,FALSE,https://tu360compras.bancolombia.com/223235-large_default/convertidor-usb-a-usb-tipo-c-b579-color-negro-11017.jpg,1,active
hub-usb-tipo-c-809-c809-c809,HUB USB TIPO C 809-C809,<p>HUB USB TIPO C 809-C809 con garantía oficial Tecno+.</p>,Tecno+,Cables y Conectividad,Cables y Conectividad,"Cables y Conectividad, tecno-plus",TRUE,Title,Default Title,C809,250,shopify,5,deny,manual,25000,28750,TRUE,FALSE,https://nanotech-market.com/wp-content/uploads/2025/07/nanotech-2-2025-07-17T135425.959.png,1,active
web-cam-hd-720-d27200-d27200,WEB CAM HD 720 - D27200,<p>WEB CAM HD 720 - D27200 con garantía oficial Tecno+.</p>,Tecno+,Cómputo y Accesorios,Cómputo y Accesorios,"Cómputo y Accesorios, tecno-plus",TRUE,Title,Default Title,D27200,250,shopify,2,deny,manual,70000,80500,TRUE,FALSE,https://media.pichau.com.br/media/catalog/product/cache/2f958555330323e505eba7ce930bdf27/c/a/camhd-720p.jpg,1,active
pad-mouse-flat-mp10-mp10,PAD MOUSE FLAT-MP10,<p>PAD MOUSE FLAT-MP10 con garantía oficial Tecno+.</p>,Tecno+,Cómputo y Accesorios,Cómputo y Accesorios,"Cómputo y Accesorios, tecno-plus",TRUE,Title,Default Title,MP10,250,shopify,4,deny,manual,15000,17250,TRUE,FALSE,https://cambiosystem.com/wp-content/uploads/2023/11/Pad-Mouse-Flat-Mp10.png,1,active
conver-tipo-ca-rj45-lan-gigabit-b556-b556,CONVER. TIPO CA RJ45 LAN GIGABIT-B556,<p>CONVER. TIPO CA RJ45 LAN GIGABIT-B556 con garantía oficial Tecno+.</p>,Tecno+,Cables y Conectividad,Cables y Conectividad,"Cables y Conectividad, tecno-plus",TRUE,Title,Default Title,B556,250,shopify,3,deny,manual,25000,28750,TRUE,FALSE,https://agaval.vtexassets.com/arquivos/ids/2780360/image-4df58b1ede524d06a65e7182a2b77491.jpg?v=638887987393770000,1,active
adaptador-wifi-300m-w131-w131,ADAPTADOR WIFI 300M-W131,<p>ADAPTADOR WIFI 300M-W131 con garantía oficial Tecno+.</p>,Tecno+,Cables y Conectividad,Cables y Conectividad,"Cables y Conectividad, tecno-plus",TRUE,Title,Default Title,W131,250,shopify,6,deny,manual,30000,34500,TRUE,FALSE,https://manuals.plus/wp-content/uploads/2023/05/Hi-Focus-HF-W131-Wireless-Adaptor-Owners-Manual-3-Copy.png,1,active
laptop-stand-18-plus-lh038-lh038,"LAPTOP STAND 18"" PLUS-LH038","<p>LAPTOP STAND 18"" PLUS-LH038 con garantía oficial Tecno+.</p>",Tecno+,Cómputo y Accesorios,Cómputo y Accesorios,"Cómputo y Accesorios, tecno-plus",TRUE,Title,Default Title,LH038,250,shopify,2,deny,manual,50000,57500,TRUE,FALSE,https://cambiosystem.com/wp-content/uploads/2023/11/soporte-ajustable-para-portatil-1.jpg,1,active
hdmi-splitter-x4-4k-lh045-lh045,HDMI SPLITTER X4 4K-LH045,<p>HDMI SPLITTER X4 4K-LH045 con garantía oficial Tecno+.</p>,Tecno+,Cables y Conectividad,Cables y Conectividad,"Cables y Conectividad, tecno-plus",TRUE,Title,Default Title,LH045,250,shopify,3,deny,manual,70000,80500,TRUE,FALSE,https://m.media-amazon.com/images/I/61mDWKBUHTL._AC_SL1500_.jpg,1,active
fuente-de-poder-230w-reales-plus-230w-230w,FUENTE DE PODER 230W REALES PLUS - 230W,<p>FUENTE DE PODER 230W REALES PLUS - 230W con garantía oficial Tecno+.</p>,Tecno+,Cargadores y Energía,Cargadores y Energía,"Cargadores y Energía, tecno-plus",TRUE,Title,Default Title,230W,250,shopify,3,deny,manual,80000,92000,TRUE,FALSE,https://jaltechsas.com/wp-content/uploads/2023/03/FUENTE-DE-PODER-230W-REALES-PLUS_11261_230WB_1-768x768.png,1,active
fuente-de-poder-200w-50cms-fps200w-fps200w,FUENTE DE PODER 200W 50CMS - FPS200W,<p>FUENTE DE PODER 200W 50CMS - FPS200W con garantía oficial Tecno+.</p>,Tecno+,Cargadores y Energía,Cargadores y Energía,"Cargadores y Energía, tecno-plus",TRUE,Title,Default Title,FPS200W,250,shopify,2,deny,manual,80000,92000,TRUE,FALSE,https://www.wifextelematics.com/wp-content/uploads/2025/02/01.png,1,active
funda-correa-oxford-negra-14-01614-gen-539,"FUNDA CORREA OXFORD NEGRA 14- ""01614","<p>FUNDA CORREA OXFORD NEGRA 14- ""01614 con garantía oficial Tecno+.</p>",Tecno+,Cómputo y Accesorios,Cómputo y Accesorios,"Cómputo y Accesorios, tecno-plus",TRUE,Title,Default Title,GEN-539,250,shopify,2,deny,manual,45000,51750,TRUE,FALSE,https://cambiosystem.com/wp-content/uploads/2023/11/Funda-Correa-Oxford-15-6″-01615.png,1,active
adaptador-wifi-mini-usb-dual-band-2-4-5-gen-540,ADAPTADOR WIFI MINI USB DUAL BAND 2.4+5,<p>ADAPTADOR WIFI MINI USB DUAL BAND 2.4+5 con garantía oficial Tecno+.</p>,Tecno+,Cables y Conectividad,Cables y Conectividad,"Cables y Conectividad, tecno-plus",TRUE,Title,Default Title,GEN-540,250,shopify,8,deny,manual,60000,69000,TRUE,FALSE,https://jaltechsas.com/wp-content/uploads/2025/01/ADAPTADOR-WIFI-MINI-USB-DUAL-BAND-2.4+5G_11617_W161_6-768x768.png,1,active
lector-de-memorias-all-in-one-ot-32g-32g,LECTOR DE MEMORIAS ALL IN ONE-OT-32G,<p>LECTOR DE MEMORIAS ALL IN ONE-OT-32G con garantía oficial Tecno+.</p>,Tecno+,Cómputo y Accesorios,Cómputo y Accesorios,"Cómputo y Accesorios, tecno-plus",TRUE,Title,Default Title,32G,250,shopify,3,deny,manual,15000,17250,TRUE,FALSE,https://http2.mlstatic.com/D_NQ_NP_997868-MLA95837738301_102025-O.webp,1,active
switch-plus-5-puertos-base-100-jal-p-p,SWITCH PLUS 5 PUERTOS BASE 100-JAL-P,<p>SWITCH PLUS 5 PUERTOS BASE 100-JAL-P con garantía oficial Tecno+.</p>,Tecno+,Cables y Conectividad,Cables y Conectividad,"Cables y Conectividad, tecno-plus",TRUE,Title,Default Title,P,250,shopify,4,deny,manual,40000,46000,TRUE,FALSE,https://jaltechsas.com/wp-content/uploads/2025/01/SWITCH-PLUS-5-PUERTOS-BASE-100-JAL-PS5_11646_JAL-PS5_2.png,1,active
switch-plus-8-puertos-base-100-jal-p-p,SWITCH PLUS 8 PUERTOS BASE 100-JAL-P,<p>SWITCH PLUS 8 PUERTOS BASE 100-JAL-P con garantía oficial Tecno+.</p>,Tecno+,Cables y Conectividad,Cables y Conectividad,"Cables y Conectividad, tecno-plus",TRUE,Title,Default Title,P,250,shopify,3,deny,manual,60000,69000,TRUE,FALSE,https://tecoperu.com/wp-content/uploads/2024/07/TP-TL-SF1008D-SWITCH-8P-10-100MBPS.-CASE-PLASTICO.jpg,1,active
switch-5-puertos-base-1000-jal-s51000-s51000,SWITCH 5 PUERTOS BASE 1000-JAL-S51000,<p>SWITCH 5 PUERTOS BASE 1000-JAL-S51000 con garantía oficial Tecno+.</p>,Tecno+,Cables y Conectividad,Cables y Conectividad,"Cables y Conectividad, tecno-plus",TRUE,Title,Default Title,S51000,250,shopify,3,deny,manual,40000,46000,TRUE,FALSE,https://migracion.jaltechsas.com/wp-content/uploads/2025/02/SWITCH-5-PUERTOS-BASE-1000_11650_JAL-S51000_2.png,1,active
switch-plus-8-puertos-base-1000-jal-jal,SWITCH PLUS 8 PUERTOS BASE 1000-JAL,<p>SWITCH PLUS 8 PUERTOS BASE 1000-JAL con garantía oficial Tecno+.</p>,Tecno+,Cables y Conectividad,Cables y Conectividad,"Cables y Conectividad, tecno-plus",TRUE,Title,Default Title,JAL,250,shopify,3,deny,manual,80000,92000,TRUE,FALSE,https://weshmark.com/red/image/cache/catalog/Tecnologia/Otros/WMD - 00335-500x500.png,1,active
adaptador-wifi-2-en-1-bt-150-mb-w107-w107,ADAPTADOR WIFI 2 EN 1 BT 150 MB - W107,<p>ADAPTADOR WIFI 2 EN 1 BT 150 MB - W107 con garantía oficial Tecno+.</p>,Tecno+,Cables y Conectividad,Cables y Conectividad,"Cables y Conectividad, tecno-plus",TRUE,Title,Default Title,W107,250,shopify,6,deny,manual,30000,34500,TRUE,FALSE,https://http2.mlstatic.com/D_NQ_NP_855291-MLM73317827645_122023-O.webp,1,active
convertidor-usb-y-usb-c-a-rj45-usb-x-gen-547,CONVERTIDOR USB Y USB C A RJ45 + USB X,<p>CONVERTIDOR USB Y USB C A RJ45 + USB X con garantía oficial Tecno+.</p>,Tecno+,Cables y Conectividad,Cables y Conectividad,"Cables y Conectividad, tecno-plus",TRUE,Title,Default Title,GEN-547,250,shopify,2,deny,manual,40000,46000,TRUE,FALSE,https://cambiosystem.com/wp-content/uploads/2026/03/Convertidor-Usb-Y-Usb-C-A-Gigabit-Rj45-11724-2-768x768.png,1,active
microfono-k8-para-celular-k8-k8,MICROFONO K8 PARA CELULAR -K8,<p>MICROFONO K8 PARA CELULAR -K8 con garantía oficial Tecno+.</p>,Tecno+,Sonido y Audio,Sonido y Audio,"Sonido y Audio, tecno-plus",TRUE,Title,Default Title,K8,250,shopify,4,deny,manual,40000,46000,TRUE,FALSE,https://http2.mlstatic.com/D_Q_NP_2X_638755-MLA96151231485_102025-E.webp,1,active
microfonos-set-x2-k9-para-celular-k9-k9,MICROFONOS SET X2 K9 PARA CELULAR-K9,<p>MICROFONOS SET X2 K9 PARA CELULAR-K9 con garantía oficial Tecno+.</p>,Tecno+,Sonido y Audio,Sonido y Audio,"Sonido y Audio, tecno-plus",TRUE,Title,Default Title,K9,250,shopify,4,deny,manual,80000,92000,TRUE,FALSE,https://cambiosystem.com/wp-content/uploads/2023/11/Microfonos-Set-X2-K9-Para-Celular7-768x768.png,1,active
aro-de-luz-33-cms-led-tripode-2-1mtrs-gen-550,ARO DE LUZ 33 CMS LED + TRIPODE 2.1MTRS,<p>ARO DE LUZ 33 CMS LED + TRIPODE 2.1MTRS con garantía oficial Tecno+.</p>,Tecno+,Accesorios y Varios,Accesorios y Varios,"Accesorios y Varios, tecno-plus",TRUE,Title,Default Title,GEN-550,250,shopify,2,deny,manual,70000,80500,TRUE,FALSE,https://tecno-online.com/wp-content/uploads/2024/07/ARO-LUZ-33CM-RGB-2.1M-0-600x600.webp,1,active
cable-usb-a-micro-usb-v8-1m-jal-v88-v88,CABLE USB A MICRO USB V8 1M JAL -V88,<p>CABLE USB A MICRO USB V8 1M JAL -V88 con garantía oficial Tecno+.</p>,Tecno+,Cables y Conectividad,Cables y Conectividad,"Cables y Conectividad, tecno-plus",TRUE,Title,Default Title,V88,250,shopify,8,deny,manual,15000,17250,TRUE,FALSE,https://cambiosystem.com/wp-content/uploads/2026/03/Cable-Usb-A-Micro-Usb-V8-1m-Jal-V88-30620-1.png,1,active
smartwatch-pro-jal-sm03-sm03,SMARTWATCH PRO JAL-SM03,<p>SMARTWATCH PRO JAL-SM03 con garantía oficial Tecno+.</p>,Tecno+,Smartwatch y Relojes,Smartwatch y Relojes,"Smartwatch y Relojes, tecno-plus",TRUE,Title,Default Title,SM03,250,shopify,2,deny,manual,200000,230000,TRUE,FALSE,http://www.versatienda.co/cdn/shop/files/SMARTWATCH-PRO-JAL--SM03_30697_JAL-SM03_1.png?v=1758991122,1,active
audifonos-tws-open-ear-x60-gen-554,AUDIFONOS TWS OPEN EAR X60,<p>AUDIFONOS TWS OPEN EAR X60 con garantía oficial Tecno+.</p>,Tecno+,Audífonos y Diademas,Audífonos y Diademas,"Audífonos y Diademas, tecno-plus",TRUE,Title,Default Title,GEN-554,250,shopify,3,deny,manual,20000,23000,TRUE,FALSE,https://http2.mlstatic.com/D_NQ_NP_932498-MCO94006944561_102025-O.webp,1,active
speaker-bt-8w-free-jt65-jt65,SPEAKER BT 8W FREE-JT65,<p>SPEAKER BT 8W FREE-JT65 con garantía oficial Tecno+.</p>,Tecno+,Sonido y Audio,Sonido y Audio,"Sonido y Audio, tecno-plus",TRUE,Title,Default Title,JT65,250,shopify,3,deny,manual,80000,92000,TRUE,FALSE,"https://static.wixstatic.com/media/128026_b28048bda04b4ec8863277999d04dbca~mv2.jpg/v1/fill/w_980,h_980,al_c,q_85,usm_0.66_1.00_0.01,enc_avif,quality_auto/128026_b28048bda04b4ec8863277999d04dbca~mv2.jpg",1,active
audifonos-tws-fit-pro2-pro2,AUDIFONOS TWS FIT-PRO2,<p>AUDIFONOS TWS FIT-PRO2 con garantía oficial Tecno+.</p>,Tecno+,Audífonos y Diademas,Audífonos y Diademas,"Audífonos y Diademas, tecno-plus",TRUE,Title,Default Title,PRO2,250,shopify,3,deny,manual,60000,69000,TRUE,FALSE,https://correos-market.ams3.cdn.digitaloceanspaces.com/prod/uploads/correos-marketplace-shop/1/product/260641-brudc4mn-karawan-auriculares-deportivos-tws-pro2-con-cancelacion-de-ruido-color-gris-gris-1.jpg,1,active
audifonos-tws-open-ear-clip-s7-s7,AUDIFONOS TWS OPEN EAR CLIP-S7,<p>AUDIFONOS TWS OPEN EAR CLIP-S7 con garantía oficial Tecno+.</p>,Tecno+,Audífonos y Diademas,Audífonos y Diademas,"Audífonos y Diademas, tecno-plus",TRUE,Title,Default Title,S7,250,shopify,3,deny,manual,90000,103500,TRUE,FALSE,https://s.alicdn.com/@sc04/kf/H9ea73b8b21474c318b87205d8891b1105.jpg_960x960q80.jpg,1,active
audifonos-bt-bone-conduction-black-11-11,AUDIFONOS BT BONE CONDUCTION BLACK-11,<p>AUDIFONOS BT BONE CONDUCTION BLACK-11 con garantía oficial Tecno+.</p>,Tecno+,Audífonos y Diademas,Audífonos y Diademas,"Audífonos y Diademas, tecno-plus",TRUE,Title,Default Title,11,250,shopify,8,deny,manual,180000,207000,TRUE,FALSE,https://www.worten.pt/i/5fb577571db20612037e290a4d7aef85951dbc95.jpg,1,active
mouse-basik-tech-usb-bsk700m-bsk700m,MOUSE BASIK TECH USB-BSK700M,<p>MOUSE BASIK TECH USB-BSK700M con garantía oficial Tecno+.</p>,Tecno+,Cómputo y Accesorios,Cómputo y Accesorios,"Cómputo y Accesorios, tecno-plus",TRUE,Title,Default Title,BSK700M,250,shopify,1,deny,manual,25000,28750,TRUE,FALSE,https://cambiosystem.com/wp-content/uploads/2024/03/Mouse-Basik-Tech-Usb-Bsk700m.png,1,active
combo-basik-tech-inalambrico-bsk300c-bsk300c,COMBO BASIK TECH INALAMBRICO- BSK300C,<p>COMBO BASIK TECH INALAMBRICO- BSK300C con garantía oficial Tecno+.</p>,Tecno+,Cómputo y Accesorios,Cómputo y Accesorios,"Cómputo y Accesorios, tecno-plus",TRUE,Title,Default Title,BSK300C,250,shopify,10,deny,manual,70000,80500,TRUE,FALSE,https://static.vendaenlinea.co/galeria/medium/tecnosoluciones-del-sur_combo-basik-tech-inalambrico_2344.png,1,active
pad-mouse-basik-bskpad-bskpad,PAD MOUSE BASIK-BSKPAD,<p>PAD MOUSE BASIK-BSKPAD con garantía oficial Tecno+.</p>,Tecno+,Cómputo y Accesorios,Cómputo y Accesorios,"Cómputo y Accesorios, tecno-plus",TRUE,Title,Default Title,BSKPAD,250,shopify,8,deny,manual,15000,17250,TRUE,FALSE,https://cambiosystem.com/wp-content/uploads/2024/07/PAD-MOUSE-BASIK_80166_BSK-PAD_1.png,1,active
cable-hdmi-3mtr-basik-hdmibt3m-hdmibt3m,CABLE HDMI 3MTR BASIK-HDMIBT3M,<p>CABLE HDMI 3MTR BASIK-HDMIBT3M con garantía oficial Tecno+.</p>,Tecno+,Cables y Conectividad,Cables y Conectividad,"Cables y Conectividad, tecno-plus",TRUE,Title,Default Title,HDMIBT3M,250,shopify,8,deny,manual,25000,28750,TRUE,FALSE,https://confiatechnology.com/wp-content/uploads/2023/02/cable-hdmi-3m-600x600.jpeg,1,active
cable-hdmi-10mtr-basik-hdmibt-10m-10m,CABLE HDMI 10MTR BASIK-HDMIBT - 10M,<p>CABLE HDMI 10MTR BASIK-HDMIBT - 10M con garantía oficial Tecno+.</p>,Tecno+,Cables y Conectividad,Cables y Conectividad,"Cables y Conectividad, tecno-plus",TRUE,Title,Default Title,10M,250,shopify,4,deny,manual,35000,40250,TRUE,FALSE,https://cosmos-technologie.com/wp-content/uploads/2024/09/CABLE-HDMI-10M.jpg,1,active
carg-para-asus-19v-3-42a-3-42a,CARG PARA ASUS 19V-3.42A,<p>CARG PARA ASUS 19V-3.42A con garantía oficial Tecno+.</p>,Tecno+,Cargadores y Energía,Cargadores y Energía,"Cargadores y Energía, tecno-plus",TRUE,Title,Default Title,3.42A,250,shopify,6,deny,manual,70000,80500,TRUE,FALSE,https://rimage.ripley.com.pe/home.ripley/Attachment/MKP/4914/PMP20000714892/full_image-1.jpeg,1,active
carg-para-asus-19v-2-37a-bskas02-bskas02,CARG. PARA ASUS 19V 2.37A-BSKAS02,<p>CARG. PARA ASUS 19V 2.37A-BSKAS02 con garantía oficial Tecno+.</p>,Tecno+,Cargadores y Energía,Cargadores y Energía,"Cargadores y Energía, tecno-plus",TRUE,Title,Default Title,BSKAS02,250,shopify,4,deny,manual,70000,80500,TRUE,FALSE,https://jaltechsas.com/wp-content/uploads/2024/02/80185-1200x1200.jpg,1,active
hub-3-0-basik-tech-bskhub3-0-bskhub3-0,HUB 3.0 BASIK TECH-BSKHUB3.0,<p>HUB 3.0 BASIK TECH-BSKHUB3.0 con garantía oficial Tecno+.</p>,Tecno+,Cables y Conectividad,Cables y Conectividad,"Cables y Conectividad, tecno-plus",TRUE,Title,Default Title,BSKHUB3.0,250,shopify,5,deny,manual,25000,28750,TRUE,FALSE,https://jaltechsas.com/wp-content/uploads/2023/07/HUB-3.0-BASIK-TECH_80269_BSK-HUB-3.0_4-768x768.png,1,active
carg-para-portatil-tipo-c-65w-plusb-gen-567,CARG. PARA PORTATIL TIPO C 65W PLUSB,<p>CARG. PARA PORTATIL TIPO C 65W PLUSB con garantía oficial Tecno+.</p>,Tecno+,Cargadores y Energía,Cargadores y Energía,"Cargadores y Energía, tecno-plus",TRUE,Title,Default Title,GEN-567,250,shopify,2,deny,manual,170000,195500,TRUE,FALSE,https://digitalmtx.com/wp-content/uploads/Cargador-Portatil-Asus-TipoC-65W-Original-7551-2.webp,1,active
carg-para-acer-19v-3-42a-65w-bskac04-bskac04,CARG. PARA ACER 19V-3.42A 65W - BSKAC04,<p>CARG. PARA ACER 19V-3.42A 65W - BSKAC04 con garantía oficial Tecno+.</p>,Tecno+,Cargadores y Energía,Cargadores y Energía,"Cargadores y Energía, tecno-plus",TRUE,Title,Default Title,BSKAC04,250,shopify,5,deny,manual,70000,80500,TRUE,FALSE,https://rimage.ripley.com.pe/home.ripley/Attachment/MKP/4914/PMP20000400357/full_image-1.jpeg,1,active
carg-para-apple-16-5v-3-65a-bskap01-ap01-gen-569,CARG. PARA APPLE 16.5V-3.65A-BSKAP01 AP01,<p>CARG. PARA APPLE 16.5V-3.65A-BSKAP01 AP01 con garantía oficial Tecno+.</p>,Tecno+,Cargadores y Energía,Cargadores y Energía,"Cargadores y Energía, tecno-plus",TRUE,Title,Default Title,GEN-569,250,shopify,1,deny,manual,120000,138000,TRUE,FALSE,https://www.mtm.com.co/wp-content/uploads/2024/03/0970.jpg,1,active
carg-para-acer-19v-2-37a-45w-bsk-a05-a05,CARG.PARA ACER 19V-2.37A 45W-BSK-A05,<p>CARG.PARA ACER 19V-2.37A 45W-BSK-A05 con garantía oficial Tecno+.</p>,Tecno+,Cargadores y Energía,Cargadores y Energía,"Cargadores y Energía, tecno-plus",TRUE,Title,Default Title,A05,250,shopify,4,deny,manual,10000,11500,TRUE,FALSE,https://rimage.ripley.com.pe/home.ripley/Attachment/MKP/4914/PMP20000419350/full_image-1.png,1,active
regulador-de-voltaje-jal-r1200-r1200,REGULADOR DE VOLTAJE JAL-R1200,<p>REGULADOR DE VOLTAJE JAL-R1200 con garantía oficial Tecno+.</p>,Tecno+,Cargadores y Energía,Cargadores y Energía,"Cargadores y Energía, tecno-plus",TRUE,Title,Default Title,R1200,250,shopify,2,deny,manual,100000,115000,TRUE,FALSE,https://http2.mlstatic.com/D_NQ_NP_880123-MCO108433867165_032026-O.webp,1,active
combo-usb-teclado-y-mouse-bsk-9307-9307,COMBO USB TECLADO Y MOUSE BSK-9307,<p>COMBO USB TECLADO Y MOUSE BSK-9307 con garantía oficial Tecno+.</p>,Tecno+,Cómputo y Accesorios,Cómputo y Accesorios,"Cómputo y Accesorios, tecno-plus",TRUE,Title,Default Title,9307,250,shopify,8,deny,manual,50000,57500,TRUE,FALSE,https://jaltechsas.com/wp-content/uploads/2026/01/COMBO-USB-TECLADO-Y-MOUSE-BSK-9307_80412_BSK-9307_9-768x768.png,1,active
carg-para-apple-14-85v-3-05a-45w-bsk-gen-573,CARG PARA APPLE 14.85V-3.05A-45W BSK,<p>CARG PARA APPLE 14.85V-3.05A-45W BSK con garantía oficial Tecno+.</p>,Tecno+,Cargadores y Energía,Cargadores y Energía,"Cargadores y Energía, tecno-plus",TRUE,Title,Default Title,GEN-573,250,shopify,4,deny,manual,130000,149500,TRUE,FALSE,https://www.dmchile.cl/dinamicos/productos/03183-1718465071.jpg,1,active
carg-para-portatil-asus-19v-3-42a-bs-bs,CARG. PARA PORTATIL ASUS 19V-3.42A-BS,<p>CARG. PARA PORTATIL ASUS 19V-3.42A-BS con garantía oficial Tecno+.</p>,Tecno+,Cargadores y Energía,Cargadores y Energía,"Cargadores y Energía, tecno-plus",TRUE,Title,Default Title,BS,250,shopify,5,deny,manual,480000,552000,TRUE,FALSE,https://marboltec.com/wp-content/uploads/2023/03/Cargador-Asus-19V-3-3-600x600.jpg,1,active